ZCTA5,STATE,COUNTY,GEOID,POPPT,HUPT,AREAPT,AREALANDPT,ZPOP,ZHU,ZAREA,ZAREALAND,COPOP,COHU,COAREA,COAREALAND,ZPOPPCT,ZHUPCT,ZAREAPCT,ZAREALANDPCT,COPOPPCT,COHUPCT,COAREAPCT,COAREALANDPCT
89010,06,051,06051,31,16,38227170,38185568,415,279,1049132308,1046943189,14202,13912,8111522878,7896827391,7.47,5.73,3.64,3.65,0.22,0.12,0.47,0.48
89019,06,027,06027,0,0,4392496,4392496,2673,1623,1235849127,1235849127,18546,9478,26487562274,26368354217,0,0,0.36,0.36,0,0,0.02,0.02
89019,06,071,06071,69,41,533610963,533610963,2673,1623,1235849127,1235849127,2035210,699637,52071257852,51947229509,2.58,2.53,43.18,43.18,0,0.01,1.02,1.03
89060,06,027,06027,30,13,21962261,21962261,10227,4988,1198088398,1198004405,18546,9478,26487562274,26368354217,0.29,0.26,1.83,1.83,0.16,0.14,0.08,0.08
89061,06,027,06027,51,23,1868432,1868432,5252,2567,188346815,188336183,18546,9478,26487562274,26368354217,0.97,0.9,0.99,0.99,0.27,0.24,0.01,0.01
89439,06,091,06091,80,44,19321080,19321080,1417,718,38064206,37759515,3240,2328,2492112905,2468813797,5.65,6.13,50.76,51.17,2.47,1.89,0.78,0.78
90001,06,037,06037,57110,13788,9071361,9071361,57110,13788,9071361,9071361,9818605,3445076,12304882555,10509869649,100,100,100,100,0.58,0.4,0.07,0.09
90002,06,037,06037,51223,12598,7930685,7930685,51223,12598,7930685,7930685,9818605,3445076,12304882555,10509869649,100,100,100,100,0.52,0.37,0.06,0.08
90003,06,037,06037,66266,17127,9198045,9197642,66266,17127,9198045,9197642,9818605,3445076,12304882555,10509869649,100,100,100,100,0.67,0.5,0.07,0.09
90004,06,037,06037,62180,24278,7894533,7894533,62180,24278,7894533,7894533,9818605,3445076,12304882555,10509869649,100,100,100,100,0.63,0.7,0.06,0.08
90005,06,037,06037,37681,16345,2807559,2807559,37681,16345,2807559,2807559,9818605,3445076,12304882555,10509869649,100,100,100,100,0.38,0.47,0.02,0.03
90006,06,037,06037,59185,20332,4972248,4972248,59185,20332,4972248,4972248,9818605,3445076,12304882555,10509869649,100,100,100,100,0.6,0.59,0.04,0.05
90007,06,037,06037,40920,12762,6387018,6387018,40920,12762,6387018,6387018,9818605,3445076,12304882555,10509869649,100,100,100,100,0.42,0.37,0.05,0.06
90008,06,037,06037,32327,15006,9581974,9513430,32327,15006,9581974,9513430,9818605,3445076,12304882555,10509869649,100,100,100,100,0.33,0.44,0.08,0.09
90010,06,037,06037,3800,2382,1184445,1184445,3800,2382,1184445,1184445,9818605,3445076,12304882555,10509869649,100,100,100,100,0.04,0.07,0.01,0.01
90011,06,037,06037,103892,23547,11100953,11100424,103892,23547,11100953,11100424,9818605,3445076,12304882555,10509869649,100,100,100,100,1.06,0.68,0.09,0.11
90012,06,037,06037,31103,11370,8528623,8375660,31103,11370,8528623,8375660,9818605,3445076,12304882555,10509869649,100,100,100,100,0.32,0.33,0.07,0.08
90013,06,037,06037,11772,7516,1773762,1737681,11772,7516,1773762,1737681,9818605,3445076,12304882555,10509869649,100,100,100,100,0.12,0.22,0.01,0.02
90014,06,037,06037,7005,4990,733437,733437,7005,4990,733437,733437,9818605,3445076,12304882555,10509869649,100,100,100,100,0.07,0.14,0.01,0.01
90015,06,037,06037,18986,8245,4430188,4430188,18986,8245,4430188,4430188,9818605,3445076,12304882555,10509869649,100,100,100,100,0.19,0.24,0.04,0.04
90016,06,037,06037,47596,17204,9402209,9393921,47596,17204,9402209,9393921,9818605,3445076,12304882555,10509869649,100,100,100,100,0.48,0.5,0.08,0.09
90017,06,037,06037,23768,10610,1881077,1881077,23768,10610,1881077,1881077,9818605,3445076,12304882555,10509869649,100,100,100,100,0.24,0.31,0.02,0.02
90018,06,037,06037,49310,16658,7500313,7500313,49310,16658,7500313,7500313,9818605,3445076,12304882555,10509869649,100,100,100,100,0.5,0.48,0.06,0.07
90019,06,037,06037,64458,25116,10080662,10070053,64458,25116,10080662,10070053,9818605,3445076,12304882555,10509869649,100,100,100,100,0.66,0.73,0.08,0.1
90020,06,037,06037,38967,17900,2927480,2927480,38967,17900,2927480,2927480,9818605,3445076,12304882555,10509869649,100,100,100,100,0.4,0.52,0.02,0.03
90021,06,037,06037,3951,1761,5435244,5362540,3951,1761,5435244,5362540,9818605,3445076,12304882555,10509869649,100,100,100,100,0.04,0.05,0.04,0.05
90022,06,037,06037,67179,17713,11357617,11346604,67179,17713,11357617,11346604,9818605,3445076,12304882555,10509869649,100,100,100,100,0.68,0.51,0.09,0.11
90023,06,037,06037,45903,11259,11030884,10941450,45903,11259,11030884,10941450,9818605,3445076,12304882555,10509869649,100,100,100,100,0.47,0.33,0.09,0.1
90024,06,037,06037,47452,19932,7608226,7608226,47452,19932,7608226,7608226,9818605,3445076,12304882555,10509869649,100,100,100,100,0.48,0.58,0.06,0.07
90025,06,037,06037,42147,23058,6659051,6655173,42147,23058,6659051,6655173,9818605,3445076,12304882555,10509869649,100,100,100,100,0.43,0.67,0.05,0.06
90026,06,037,06037,67869,26686,11163835,10942889,67869,26686,11163835,10942889,9818605,3445076,12304882555,10509869649,100,100,100,100,0.69,0.77,0.09,0.1
90027,06,037,06037,45151,23390,21671926,21402832,45151,23390,21671926,21402832,9818605,3445076,12304882555,10509869649,100,100,100,100,0.46,0.68,0.18,0.2
90028,06,037,06037,28714,17126,3947880,3947880,28714,17126,3947880,3947880,9818605,3445076,12304882555,10509869649,100,100,100,100,0.29,0.5,0.03,0.04
90029,06,037,06037,38617,14723,3526895,3526895,38617,14723,3526895,3526895,9818605,3445076,12304882555,10509869649,100,100,100,100,0.39,0.43,0.03,0.03
90031,06,037,06037,39316,11903,9148978,8945994,39316,11903,9148978,8945994,9818605,3445076,12304882555,10509869649,100,100,100,100,0.4,0.35,0.07,0.09
90032,06,037,06037,45786,13521,12375736,12347050,45786,13521,12375736,12347050,9818605,3445076,12304882555,10509869649,100,100,100,100,0.47,0.39,0.1,0.12
90033,06,037,06037,48852,13690,8535582,8461294,48852,13690,8535582,8461294,9818605,3445076,12304882555,10509869649,100,100,100,100,0.5,0.4,0.07,0.08
90034,06,037,06037,57964,27210,8085207,8062311,57964,27210,8085207,8062311,9818605,3445076,12304882555,10509869649,100,100,100,100,0.59,0.79,0.07,0.08
90035,06,037,06037,28418,14030,5330221,5330221,28418,14030,5330221,5330221,9818605,3445076,12304882555,10509869649,100,100,100,100,0.29,0.41,0.04,0.05
90036,06,037,06037,36865,19920,6401943,6398643,36865,19920,6401943,6398643,9818605,3445076,12304882555,10509869649,100,100,100,100,0.38,0.58,0.05,0.06
90037,06,037,06037,62276,17192,7351184,7351184,62276,17192,7351184,7351184,9818605,3445076,12304882555,10509869649,100,100,100,100,0.63,0.5,0.06,0.07
90038,06,037,06037,28917,12812,4060536,4057211,28917,12812,4060536,4057211,9818605,3445076,12304882555,10509869649,100,100,100,100,0.29,0.37,0.03,0.04
90039,06,037,06037,28514,12127,10278733,9764431,28514,12127,10278733,9764431,9818605,3445076,12304882555,10509869649,100,100,100,100,0.29,0.35,0.08,0.09
90040,06,037,06037,12520,3397,14457577,14454795,12520,3397,14457577,14454795,9818605,3445076,12304882555,10509869649,100,100,100,100,0.13,0.1,0.12,0.14
90041,06,037,06037,27425,9998,9383338,9352825,27425,9998,9383338,9352825,9818605,3445076,12304882555,10509869649,100,100,100,100,0.28,0.29,0.08,0.09
90042,06,037,06037,62430,21018,12111674,12027396,62430,21018,12111674,12027396,9818605,3445076,12304882555,10509869649,100,100,100,100,0.64,0.61,0.1,0.11
90043,06,037,06037,44789,17172,10708405,10705820,44789,17172,10708405,10705820,9818605,3445076,12304882555,10509869649,100,100,100,100,0.46,0.5,0.09,0.1
90044,06,037,06037,89779,27479,13303825,13303825,89779,27479,13303825,13303825,9818605,3445076,12304882555,10509869649,100,100,100,100,0.91,0.8,0.11,0.13
90045,06,037,06037,39480,16127,27779824,27779045,39480,16127,27779824,27779045,9818605,3445076,12304882555,10509869649,100,100,100,100,0.4,0.47,0.23,0.26
90046,06,037,06037,48581,30688,14974008,14970999,48581,30688,14974008,14970999,9818605,3445076,12304882555,10509869649,100,100,100,100,0.49,0.89,0.12,0.14
90047,06,037,06037,48606,17150,12252335,12251863,48606,17150,12252335,12251863,9818605,3445076,12304882555,10509869649,100,100,100,100,0.5,0.5,0.1,0.12
90048,06,037,06037,21397,12939,4882696,4882696,21397,12939,4882696,4882696,9818605,3445076,12304882555,10509869649,100,100,100,100,0.22,0.38,0.04,0.05
90049,06,037,06037,35482,18097,38906432,38905061,35482,18097,38906432,38905061,9818605,3445076,12304882555,10509869649,100,100,100,100,0.36,0.53,0.32,0.37
90056,06,037,06037,7827,3518,4090954,4090954,7827,3518,4090954,4090954,9818605,3445076,12304882555,10509869649,100,100,100,100,0.08,0.1,0.03,0.04
90057,06,037,06037,44998,17247,2327917,2293706,44998,17247,2327917,2293706,9818605,3445076,12304882555,10509869649,100,100,100,100,0.46,0.5,0.02,0.02
90058,06,037,06037,3223,921,15633185,15042486,3223,921,15633185,15042486,9818605,3445076,12304882555,10509869649,100,100,100,100,0.03,0.03,0.13,0.14
90059,06,037,06037,40952,10617,8624370,8581870,40952,10617,8624370,8581870,9818605,3445076,12304882555,10509869649,100,100,100,100,0.42,0.31,0.07,0.08
90061,06,037,06037,26872,7385,6896569,6895207,26872,7385,6896569,6895207,9818605,3445076,12304882555,10509869649,100,100,100,100,0.27,0.21,0.06,0.07
90062,06,037,06037,32821,9795,5008337,5008337,32821,9795,5008337,5008337,9818605,3445076,12304882555,10509869649,100,100,100,100,0.33,0.28,0.04,0.05
90063,06,037,06037,55758,14012,8476100,8476100,55758,14012,8476100,8476100,9818605,3445076,12304882555,10509869649,100,100,100,100,0.57,0.41,0.07,0.08
90064,06,037,06037,25403,11540,10363493,10360459,25403,11540,10363493,10360459,9818605,3445076,12304882555,10509869649,100,100,100,100,0.26,0.33,0.08,0.1
90065,06,037,06037,45527,15288,13674178,13671567,45527,15288,13674178,13671567,9818605,3445076,12304882555,10509869649,100,100,100,100,0.46,0.44,0.11,0.13
90066,06,037,06037,55277,25319,12890748,12746971,55277,25319,12890748,12746971,9818605,3445076,12304882555,10509869649,100,100,100,100,0.56,0.73,0.1,0.12
90067,06,037,06037,2424,1808,849895,849895,2424,1808,849895,849895,9818605,3445076,12304882555,10509869649,100,100,100,100,0.02,0.05,0.01,0.01
90068,06,037,06037,22286,13901,20202252,19731266,22286,13901,20202252,19731266,9818605,3445076,12304882555,10509869649,100,100,100,100,0.23,0.4,0.16,0.19
90069,06,037,06037,20483,14781,5475785,5475785,20483,14781,5475785,5475785,9818605,3445076,12304882555,10509869649,100,100,100,100,0.21,0.43,0.04,0.05
90071,06,037,06037,15,0,319155,319155,15,0,319155,319155,9818605,3445076,12304882555,10509869649,100,0,100,100,0,0,0,0
90073,06,037,06037,539,4,877374,877374,539,4,877374,877374,9818605,3445076,12304882555,10509869649,100,100,100,100,0.01,0,0.01,0.01
90077,06,037,06037,9377,3888,19335985,18985951,9377,3888,19335985,18985951,9818605,3445076,12304882555,10509869649,100,100,100,100,0.1,0.11,0.16,0.18
90079,06,037,06037,0,0,25585,25585,0,0,25585,25585,9818605,3445076,12304882555,10509869649,0,0,100,100,0,0,0,0
90089,06,037,06037,3217,31,742759,742759,3217,31,742759,742759,9818605,3445076,12304882555,10509869649,100,100,100,100,0.03,0,0.01,0.01
90090,06,037,06037,0,0,599380,599380,0,0,599380,599380,9818605,3445076,12304882555,10509869649,0,0,100,100,0,0,0,0.01
90094,06,037,06037,5464,3168,1582611,1582611,5464,3168,1582611,1582611,9818605,3445076,12304882555,10509869649,100,100,100,100,0.06,0.09,0.01,0.02
90095,06,037,06037,3,2,1023532,1023532,3,2,1023532,1023532,9818605,3445076,12304882555,10509869649,100,100,100,100,0,0,0.01,0.01
90201,06,037,06037,101279,24940,15670274,15375409,101279,24940,15670274,15375409,9818605,3445076,12304882555,10509869649,100,100,100,100,1.03,0.72,0.13,0.15
90210,06,037,06037,21741,9563,26383345,26226245,21741,9563,26383345,26226245,9818605,3445076,12304882555,10509869649,100,100,100,100,0.22,0.28,0.21,0.25
90211,06,037,06037,8434,4052,1813980,1813980,8434,4052,1813980,1813980,9818605,3445076,12304882555,10509869649,100,100,100,100,0.09,0.12,0.01,0.02
90212,06,037,06037,11555,6170,2474163,2474163,11555,6170,2474163,2474163,9818605,3445076,12304882555,10509869649,100,100,100,100,0.12,0.18,0.02,0.02
90220,06,037,06037,49328,13498,17992443,17898040,49328,13498,17992443,17898040,9818605,3445076,12304882555,10509869649,100,100,100,100,0.5,0.39,0.15,0.17
90221,06,037,06037,53704,12368,14074957,13809565,53704,12368,14074957,13809565,9818605,3445076,12304882555,10509869649,100,100,100,100,0.55,0.36,0.11,0.13
90222,06,037,06037,31869,8026,6692763,6621871,31869,8026,6692763,6621871,9818605,3445076,12304882555,10509869649,100,100,100,100,0.32,0.23,0.05,0.06
90230,06,037,06037,31766,13344,11785759,11672688,31766,13344,11785759,11672688,9818605,3445076,12304882555,10509869649,100,100,100,100,0.32,0.39,0.1,0.11
90232,06,037,06037,15149,6944,5490049,5454835,15149,6944,5490049,5454835,9818605,3445076,12304882555,10509869649,100,100,100,100,0.15,0.2,0.04,0.05
90240,06,037,06037,25876,7991,7808527,7624869,25876,7991,7808527,7624869,9818605,3445076,12304882555,10509869649,100,100,100,100,0.26,0.23,0.06,0.07
90241,06,037,06037,42399,14316,12929196,12758123,42399,14316,12929196,12758123,9818605,3445076,12304882555,10509869649,100,100,100,100,0.43,0.42,0.11,0.12
90242,06,037,06037,43497,13294,11845530,11785986,43497,13294,11845530,11785986,9818605,3445076,12304882555,10509869649,100,100,100,100,0.44,0.39,0.1,0.11
90245,06,037,06037,16654,7410,15142094,14148053,16654,7410,15142094,14148053,9818605,3445076,12304882555,10509869649,100,100,100,100,0.17,0.22,0.12,0.13
90247,06,037,06037,47487,16620,9734119,9723269,47487,16620,9734119,9723269,9818605,3445076,12304882555,10509869649,100,100,100,100,0.48,0.48,0.08,0.09
90248,06,037,06037,9947,3573,12398396,12155495,9947,3573,12398396,12155495,9818605,3445076,12304882555,10509869649,100,100,100,100,0.1,0.1,0.1,0.12
90249,06,037,06037,26669,9214,7792536,7712765,26669,9214,7792536,7712765,9818605,3445076,12304882555,10509869649,100,100,100,100,0.27,0.27,0.06,0.07
90250,06,037,06037,93193,32600,17375880,17340185,93193,32600,17375880,17340185,9818605,3445076,12304882555,10509869649,100,100,100,100,0.95,0.95,0.14,0.16
90254,06,037,06037,19506,10162,5238068,3697139,19506,10162,5238068,3697139,9818605,3445076,12304882555,10509869649,100,100,100,100,0.2,0.29,0.04,0.04
90255,06,037,06037,75066,19118,9638256,9629884,75066,19118,9638256,9629884,9818605,3445076,12304882555,10509869649,100,100,100,100,0.76,0.55,0.08,0.09
90260,06,037,06037,34924,10879,6990335,6941367,34924,10879,6990335,6941367,9818605,3445076,12304882555,10509869649,100,100,100,100,0.36,0.32,0.06,0.07
90262,06,037,06037,69745,15266,12703572,12517493,69745,15266,12703572,12517493,9818605,3445076,12304882555,10509869649,100,100,100,100,0.71,0.44,0.1,0.12
90263,06,037,06037,1612,0,585126,585126,1612,0,585126,585126,9818605,3445076,12304882555,10509869649,100,0,100,100,0.02,0,0,0.01
90265,06,037,06037,17515,8652,211595965,194807382,18116,9033,298041072,279184812,9818605,3445076,12304882555,10509869649,96.68,95.78,71,69.78,0.18,0.25,1.72,1.85
90265,06,111,06111,601,381,86445107,84377430,18116,9033,298041072,279184812,823318,281695,5719683515,4773691889,3.32,4.22,29,30.22,0.07,0.14,1.51,1.77
90266,06,037,06037,35135,14929,12096152,10194994,35135,14929,12096152,10194994,9818605,3445076,12304882555,10509869649,100,100,100,100,0.36,0.43,0.1,0.1
90270,06,037,06037,27372,6761,3346384,3267832,27372,6761,3346384,3267832,9818605,3445076,12304882555,10509869649,100,100,100,100,0.28,0.2,0.03,0.03
90272,06,037,06037,22986,9815,60557886,59133992,22986,9815,60557886,59133992,9818605,3445076,12304882555,10509869649,100,100,100,100,0.23,0.28,0.49,0.56
90274,06,037,06037,25209,9941,33634809,31002843,25209,9941,33634809,31002843,9818605,3445076,12304882555,10509869649,100,100,100,100,0.26,0.29,0.27,0.29
90275,06,037,06037,41804,16236,43402847,35004660,41804,16236,43402847,35004660,9818605,3445076,12304882555,10509869649,100,100,100,100,0.43,0.47,0.35,0.33
90277,06,037,06037,35293,18062,12782878,9279695,35293,18062,12782878,9279695,9818605,3445076,12304882555,10509869649,100,100,100,100,0.36,0.52,0.1,0.09
90278,06,037,06037,40071,16655,9333177,9333177,40071,16655,9333177,9333177,9818605,3445076,12304882555,10509869649,100,100,100,100,0.41,0.48,0.08,0.09
90280,06,037,06037,94396,24160,19222788,18920058,94396,24160,19222788,18920058,9818605,3445076,12304882555,10509869649,100,100,100,100,0.96,0.7,0.16,0.18
90290,06,037,06037,6368,2867,51959503,51935407,6368,2867,51959503,51935407,9818605,3445076,12304882555,10509869649,100,100,100,100,0.06,0.08,0.42,0.49
90291,06,037,06037,28341,16212,7335173,6462163,28341,16212,7335173,6462163,9818605,3445076,12304882555,10509869649,100,100,100,100,0.29,0.47,0.06,0.06
90292,06,037,06037,21576,14585,8131830,5280289,21576,14585,8131830,5280289,9818605,3445076,12304882555,10509869649,100,100,100,100,0.22,0.42,0.07,0.05
90293,06,037,06037,12132,6968,11404980,7420242,12132,6968,11404980,7420242,9818605,3445076,12304882555,10509869649,100,100,100,100,0.12,0.2,0.09,0.07
90301,06,037,06037,36568,12565,6416784,6416784,36568,12565,6416784,6416784,9818605,3445076,12304882555,10509869649,100,100,100,100,0.37,0.36,0.05,0.06
90302,06,037,06037,29415,11431,4906274,4903281,29415,11431,4906274,4903281,9818605,3445076,12304882555,10509869649,100,100,100,100,0.3,0.33,0.04,0.05
90303,06,037,06037,26176,7646,5792330,5745894,26176,7646,5792330,5745894,9818605,3445076,12304882555,10509869649,100,100,100,100,0.27,0.22,0.05,0.05
90304,06,037,06037,28210,6946,4057527,4057527,28210,6946,4057527,4057527,9818605,3445076,12304882555,10509869649,100,100,100,100,0.29,0.2,0.03,0.04
90305,06,037,06037,14853,6166,6023139,6006924,14853,6166,6023139,6006924,9818605,3445076,12304882555,10509869649,100,100,100,100,0.15,0.18,0.05,0.06
90401,06,037,06037,6722,4682,2638544,2199166,6722,4682,2638544,2199166,9818605,3445076,12304882555,10509869649,100,100,100,100,0.07,0.14,0.02,0.02
90402,06,037,06037,12250,5945,5516813,5189913,12250,5945,5516813,5189913,9818605,3445076,12304882555,10509869649,100,100,100,100,0.12,0.17,0.04,0.05
90403,06,037,06037,24525,15172,3944526,3697303,24525,15172,3944526,3697303,9818605,3445076,12304882555,10509869649,100,100,100,100,0.25,0.44,0.03,0.04
90404,06,037,06037,21360,10865,5159382,5159382,21360,10865,5159382,5159382,9818605,3445076,12304882555,10509869649,100,100,100,100,0.22,0.32,0.04,0.05
90405,06,037,06037,27186,15370,7310832,6854633,27186,15370,7310832,6854633,9818605,3445076,12304882555,10509869649,100,100,100,100,0.28,0.45,0.06,0.07
90501,06,037,06037,43180,15364,14667670,14565670,43180,15364,14667670,14565670,9818605,3445076,12304882555,10509869649,100,100,100,100,0.44,0.45,0.12,0.14
90502,06,037,06037,18010,5939,5821657,5788343,18010,5939,5821657,5788343,9818605,3445076,12304882555,10509869649,100,100,100,100,0.18,0.17,0.05,0.06
90503,06,037,06037,44383,17948,13743973,13719607,44383,17948,13743973,13719607,9818605,3445076,12304882555,10509869649,100,100,100,100,0.45,0.52,0.11,0.13
90504,06,037,06037,32102,11986,11571976,11527566,32102,11986,11571976,11527566,9818605,3445076,12304882555,10509869649,100,100,100,100,0.33,0.35,0.09,0.11
90505,06,037,06037,36678,14846,15037766,15007286,36678,14846,15037766,15007286,9818605,3445076,12304882555,10509869649,100,100,100,100,0.37,0.43,0.12,0.14
90506,06,037,06037,0,0,413613,407877,0,0,413613,407877,9818605,3445076,12304882555,10509869649,0,0,100,100,0,0,0,0
90601,06,037,06037,31974,11549,30029820,29388881,31974,11549,30029820,29388881,9818605,3445076,12304882555,10509869649,100,100,100,100,0.33,0.34,0.24,0.28
90602,06,037,06037,25777,8451,9617306,9610146,25777,8451,9617306,9610146,9818605,3445076,12304882555,10509869649,100,100,100,100,0.26,0.25,0.08,0.09
90603,06,037,06037,20063,7007,8477125,8469076,20063,7007,8477125,8469076,9818605,3445076,12304882555,10509869649,100,100,100,100,0.2,0.2,0.07,0.08
90604,06,037,06037,39407,12326,11047533,11036745,39407,12326,11047533,11036745,9818605,3445076,12304882555,10509869649,100,100,100,100,0.4,0.36,0.09,0.11
90605,06,037,06037,40331,10897,14661596,14638491,40331,10897,14661596,14638491,9818605,3445076,12304882555,10509869649,100,100,100,100,0.41,0.32,0.12,0.14
90606,06,037,06037,32396,8931,10016709,9797979,32396,8931,10016709,9797979,9818605,3445076,12304882555,10509869649,100,100,100,100,0.33,0.26,0.08,0.09
90620,06,059,06059,45113,13680,16576765,16553642,45113,13680,16576765,16553642,3010232,1048907,2455477898,2047561084,100,100,100,100,1.5,1.3,0.68,0.81
90621,06,059,06059,35153,10803,10780383,10728187,35153,10803,10780383,10728187,3010232,1048907,2455477898,2047561084,100,100,100,100,1.17,1.03,0.44,0.52
90623,06,037,06037,119,39,26920,26920,15554,5215,4756785,4694270,9818605,3445076,12304882555,10509869649,0.77,0.75,0.57,0.57,0,0,0,0
90623,06,059,06059,15435,5176,4729865,4667350,15554,5215,4756785,4694270,3010232,1048907,2455477898,2047561084,99.23,99.25,99.43,99.43,0.51,0.49,0.19,0.23
90630,06,037,06037,185,81,86043,86043,47993,16204,15888670,15864796,9818605,3445076,12304882555,10509869649,0.39,0.5,0.54,0.54,0,0,0,0
90630,06,059,06059,47808,16123,15802627,15778753,47993,16204,15888670,15864796,3010232,1048907,2455477898,2047561084,99.61,99.5,99.46,99.46,1.59,1.54,0.64,0.77
90631,06,037,06037,6033,2110,16288965,16281766,67619,22497,36033857,36010789,9818605,3445076,12304882555,10509869649,8.92,9.38,45.2,45.21,0.06,0.06,0.13,0.15
90631,06,059,06059,61586,20387,19744892,19729023,67619,22497,36033857,36010789,3010232,1048907,2455477898,2047561084,91.08,90.62,54.8,54.79,2.05,1.94,0.8,0.96
90638,06,037,06037,48530,15093,20320867,20275947,49012,15236,20461944,20417024,9818605,3445076,12304882555,10509869649,99.02,99.06,99.31,99.31,0.49,0.44,0.17,0.19
90638,06,059,06059,482,143,141077,141077,49012,15236,20461944,20417024,3010232,1048907,2455477898,2047561084,0.98,0.94,0.69,0.69,0.02,0.01,0.01,0.01
90640,06,037,06037,62549,19785,22094920,21990769,62549,19785,22094920,21990769,9818605,3445076,12304882555,10509869649,100,100,100,100,0.64,0.57,0.18,0.21
90650,06,037,06037,105549,28083,25505135,25403321,105549,28083,25505135,25403321,9818605,3445076,12304882555,10509869649,100,100,100,100,1.07,0.82,0.21,0.24
90660,06,037,06037,62928,17106,21340652,20071601,62928,17106,21340652,20071601,9818605,3445076,12304882555,10509869649,100,100,100,100,0.64,0.5,0.17,0.19
90670,06,037,06037,14866,4616,22021330,21918115,14866,4616,22021330,21918115,9818605,3445076,12304882555,10509869649,100,100,100,100,0.15,0.13,0.18,0.21
90680,06,059,06059,29945,8848,6981102,6981102,29945,8848,6981102,6981102,3010232,1048907,2455477898,2047561084,100,100,100,100,0.99,0.84,0.28,0.34
90701,06,037,06037,16591,4715,4221723,4221723,16591,4715,4221723,4221723,9818605,3445076,12304882555,10509869649,100,100,100,100,0.17,0.14,0.03,0.04
90703,06,037,06037,49399,15946,23079381,22740186,49399,15946,23079381,22740186,9818605,3445076,12304882555,10509869649,100,100,100,100,0.5,0.46,0.19,0.22
90704,06,037,06037,4090,2481,761699295,193719023,4090,2481,761699295,193719023,9818605,3445076,12304882555,10509869649,100,100,100,100,0.04,0.07,6.19,1.84
90706,06,037,06037,76615,24896,15958140,15819961,76615,24896,15958140,15819961,9818605,3445076,12304882555,10509869649,100,100,100,100,0.78,0.72,0.13,0.15
90710,06,037,06037,25457,9061,6108785,6106901,25457,9061,6108785,6106901,9818605,3445076,12304882555,10509869649,100,100,100,100,0.26,0.26,0.05,0.06
90712,06,037,06037,31499,11155,11154953,11101330,31499,11155,11154953,11101330,9818605,3445076,12304882555,10509869649,100,100,100,100,0.32,0.32,0.09,0.11
90713,06,037,06037,27925,9711,8790089,8790089,27925,9711,8790089,8790089,9818605,3445076,12304882555,10509869649,100,100,100,100,0.28,0.28,0.07,0.08
90715,06,037,06037,20388,6406,4515519,4404198,20388,6406,4515519,4404198,9818605,3445076,12304882555,10509869649,100,100,100,100,0.21,0.19,0.04,0.04
90716,06,037,06037,14184,3652,2438597,2411559,14184,3652,2438597,2411559,9818605,3445076,12304882555,10509869649,100,100,100,100,0.14,0.11,0.02,0.02
90717,06,037,06037,21318,8887,5128003,5128003,21318,8887,5128003,5128003,9818605,3445076,12304882555,10509869649,100,100,100,100,0.22,0.26,0.04,0.05
90720,06,059,06059,21751,8010,16038389,15868153,21751,8010,16038389,15868153,3010232,1048907,2455477898,2047561084,100,100,100,100,0.72,0.76,0.65,0.77
90723,06,037,06037,54099,14572,12342618,12133919,54099,14572,12342618,12133919,9818605,3445076,12304882555,10509869649,100,100,100,100,0.55,0.42,0.1,0.12
90731,06,037,06037,59662,23914,40481090,23803092,59662,23914,40481090,23803092,9818605,3445076,12304882555,10509869649,100,100,100,100,0.61,0.69,0.33,0.23
90732,06,037,06037,21115,9250,9860855,8903149,21115,9250,9860855,8903149,9818605,3445076,12304882555,10509869649,100,100,100,100,0.22,0.27,0.08,0.08
90740,06,037,06037,15,6,37913,37913,23729,14303,24694586,22725811,9818605,3445076,12304882555,10509869649,0.06,0.04,0.15,0.17,0,0,0,0
90740,06,059,06059,23714,14297,24656673,22687898,23729,14303,24694586,22725811,3010232,1048907,2455477898,2047561084,99.94,99.96,99.85,99.83,0.79,1.36,1,1.11
90742,06,059,06059,831,556,1393417,478557,831,556,1393417,478557,3010232,1048907,2455477898,2047561084,100,100,100,100,0.03,0.05,0.06,0.02
90743,06,059,06059,456,256,1342517,214434,456,256,1342517,214434,3010232,1048907,2455477898,2047561084,100,100,100,100,0.02,0.02,0.05,0.01
90744,06,037,06037,53815,14684,24557568,21593280,53815,14684,24557568,21593280,9818605,3445076,12304882555,10509869649,100,100,100,100,0.55,0.43,0.2,0.21
90745,06,037,06037,57251,15680,21679787,21498764,57251,15680,21679787,21498764,9818605,3445076,12304882555,10509869649,100,100,100,100,0.58,0.46,0.18,0.2
90746,06,037,06037,25990,8271,15171473,15106706,25990,8271,15171473,15106706,9818605,3445076,12304882555,10509869649,100,100,100,100,0.26,0.24,0.12,0.14
90747,06,037,06037,0,0,16629,16629,0,0,16629,16629,9818605,3445076,12304882555,10509869649,0,0,100,100,0,0,0,0
90755,06,037,06037,11074,4404,5649139,5644694,11074,4404,5649139,5644694,9818605,3445076,12304882555,10509869649,100,100,100,100,0.11,0.13,0.05,0.05
90802,06,037,06037,39347,23071,38701229,16791357,39347,23071,38701229,16791357,9818605,3445076,12304882555,10509869649,100,100,100,100,0.4,0.67,0.31,0.16
90803,06,037,06037,32031,18682,21221353,10353507,32031,18682,21221353,10353507,9818605,3445076,12304882555,10509869649,100,100,100,100,0.33,0.54,0.17,0.1
90804,06,037,06037,40311,15792,5479891,5477388,40311,15792,5479891,5477388,9818605,3445076,12304882555,10509869649,100,100,100,100,0.41,0.46,0.04,0.05
90805,06,037,06037,93524,27646,19514231,19085334,93524,27646,19514231,19085334,9818605,3445076,12304882555,10509869649,100,100,100,100,0.95,0.8,0.16,0.18
90806,06,037,06037,42399,13072,9190890,8908246,42399,13072,9190890,8908246,9818605,3445076,12304882555,10509869649,100,100,100,100,0.43,0.38,0.07,0.08
90807,06,037,06037,31481,13256,15222343,15124348,31481,13256,15222343,15124348,9818605,3445076,12304882555,10509869649,100,100,100,100,0.32,0.38,0.12,0.14
90808,06,037,06037,38232,14567,18038020,17783214,38232,14567,18038020,17783214,9818605,3445076,12304882555,10509869649,100,100,100,100,0.39,0.42,0.15,0.17
90810,06,037,06037,36735,9709,17878021,17342372,36735,9709,17878021,17342372,9818605,3445076,12304882555,10509869649,100,100,100,100,0.37,0.28,0.15,0.17
90813,06,037,06037,58911,17896,8552763,8310405,58911,17896,8552763,8310405,9818605,3445076,12304882555,10509869649,100,100,100,100,0.6,0.52,0.07,0.08
90814,06,037,06037,19131,9808,3508606,3508606,19131,9808,3508606,3508606,9818605,3445076,12304882555,10509869649,100,100,100,100,0.19,0.28,0.03,0.03
90815,06,037,06037,39640,15358,18883071,18415000,39733,15409,18914334,18446263,9818605,3445076,12304882555,10509869649,99.77,99.67,99.83,99.83,0.4,0.45,0.15,0.18
90815,06,059,06059,93,51,31263,31263,39733,15409,18914334,18446263,3010232,1048907,2455477898,2047561084,0.23,0.33,0.17,0.17,0,0,0,0
90822,06,037,06037,117,4,420836,420836,117,4,420836,420836,9818605,3445076,12304882555,10509869649,100,100,100,100,0,0,0,0
90831,06,037,06037,0,0,107540,107540,0,0,107540,107540,9818605,3445076,12304882555,10509869649,0,0,100,100,0,0,0,0
91001,06,037,06037,36126,13285,21464006,21421337,36126,13285,21464006,21421337,9818605,3445076,12304882555,10509869649,100,100,100,100,0.37,0.39,0.17,0.2
91006,06,037,06037,31715,11142,16706561,16364902,31715,11142,16706561,16364902,9818605,3445076,12304882555,10509869649,100,100,100,100,0.32,0.32,0.14,0.16
91007,06,037,06037,34095,12750,14408571,14395473,34095,12750,14408571,14395473,9818605,3445076,12304882555,10509869649,100,100,100,100,0.35,0.37,0.12,0.14
91008,06,037,06037,1391,640,5246221,5242985,1391,640,5246221,5242985,9818605,3445076,12304882555,10509869649,100,100,100,100,0.01,0.02,0.04,0.05
91010,06,037,06037,26074,8256,18347724,18234461,26074,8256,18347724,18234461,9818605,3445076,12304882555,10509869649,100,100,100,100,0.27,0.24,0.15,0.17
91011,06,037,06037,20280,7099,30752656,30703806,20280,7099,30752656,30703806,9818605,3445076,12304882555,10509869649,100,100,100,100,0.21,0.21,0.25,0.29
91016,06,037,06037,40598,15781,22207472,21978603,40598,15781,22207472,21978603,9818605,3445076,12304882555,10509869649,100,100,100,100,0.41,0.46,0.18,0.21
91020,06,037,06037,8415,3586,1948563,1948563,8415,3586,1948563,1948563,9818605,3445076,12304882555,10509869649,100,100,100,100,0.09,0.1,0.02,0.02
91024,06,037,06037,10917,5113,7658515,7646972,10917,5113,7658515,7646972,9818605,3445076,12304882555,10509869649,100,100,100,100,0.11,0.15,0.06,0.07
91030,06,037,06037,25616,11116,8864971,8833647,25616,11116,8864971,8833647,9818605,3445076,12304882555,10509869649,100,100,100,100,0.26,0.32,0.07,0.08
91040,06,037,06037,20372,7732,21257816,21244063,20372,7732,21257816,21244063,9818605,3445076,12304882555,10509869649,100,100,100,100,0.21,0.22,0.17,0.2
91042,06,037,06037,27585,10534,129350937,129196196,27585,10534,129350937,129196196,9818605,3445076,12304882555,10509869649,100,100,100,100,0.28,0.31,1.05,1.23
91046,06,037,06037,156,118,25915,25915,156,118,25915,25915,9818605,3445076,12304882555,10509869649,100,100,100,100,0,0,0,0
91101,06,037,06037,20460,11873,3430898,3430898,20460,11873,3430898,3430898,9818605,3445076,12304882555,10509869649,100,100,100,100,0.21,0.34,0.03,0.03
91103,06,037,06037,27480,9076,14054866,13896598,27480,9076,14054866,13896598,9818605,3445076,12304882555,10509869649,100,100,100,100,0.28,0.26,0.11,0.13
91104,06,037,06037,36751,13670,9861048,9849391,36751,13670,9861048,9849391,9818605,3445076,12304882555,10509869649,100,100,100,100,0.37,0.4,0.08,0.09
91105,06,037,06037,11254,5704,9620106,9566884,11254,5704,9620106,9566884,9818605,3445076,12304882555,10509869649,100,100,100,100,0.11,0.17,0.08,0.09
91106,06,037,06037,24229,11742,7646195,7643112,24229,11742,7646195,7643112,9818605,3445076,12304882555,10509869649,100,100,100,100,0.25,0.34,0.06,0.07
91107,06,037,06037,32940,13763,21488003,21287664,32940,13763,21488003,21287664,9818605,3445076,12304882555,10509869649,100,100,100,100,0.34,0.4,0.17,0.2
91108,06,037,06037,13361,4562,9892254,9872619,13361,4562,9892254,9872619,9818605,3445076,12304882555,10509869649,100,100,100,100,0.14,0.13,0.08,0.09
91201,06,037,06037,22781,8590,6143646,6116160,22781,8590,6143646,6116160,9818605,3445076,12304882555,10509869649,100,100,100,100,0.23,0.25,0.05,0.06
91202,06,037,06037,22830,9297,5329901,5308492,22830,9297,5329901,5308492,9818605,3445076,12304882555,10509869649,100,100,100,100,0.23,0.27,0.04,0.05
91203,06,037,06037,13220,5407,2127366,2119997,13220,5407,2127366,2119997,9818605,3445076,12304882555,10509869649,100,100,100,100,0.13,0.16,0.02,0.02
91204,06,037,06037,16032,5969,2911130,2911130,16032,5969,2911130,2911130,9818605,3445076,12304882555,10509869649,100,100,100,100,0.16,0.17,0.02,0.03
91205,06,037,06037,37810,14899,4898344,4897491,37810,14899,4898344,4897491,9818605,3445076,12304882555,10509869649,100,100,100,100,0.39,0.43,0.04,0.05
91206,06,037,06037,33065,14041,15275175,15235193,33065,14041,15275175,15235193,9818605,3445076,12304882555,10509869649,100,100,100,100,0.34,0.41,0.12,0.14
91207,06,037,06037,10506,4283,11841353,11767215,10506,4283,11841353,11767215,9818605,3445076,12304882555,10509869649,100,100,100,100,0.11,0.12,0.1,0.11
91208,06,037,06037,16245,6342,18014814,17876662,16245,6342,18014814,17876662,9818605,3445076,12304882555,10509869649,100,100,100,100,0.17,0.18,0.15,0.17
91210,06,037,06037,328,309,113997,113997,328,309,113997,113997,9818605,3445076,12304882555,10509869649,100,100,100,100,0,0.01,0,0
91214,06,037,06037,30356,10919,19598833,19546295,30356,10919,19598833,19546295,9818605,3445076,12304882555,10509869649,100,100,100,100,0.31,0.32,0.16,0.19
91301,06,037,06037,25488,9559,88628548,88294586,25488,9559,88628548,88294586,9818605,3445076,12304882555,10509869649,100,100,100,100,0.26,0.28,0.72,0.84
91302,06,037,06037,25709,9702,69273356,69143126,25709,9702,69273356,69143126,9818605,3445076,12304882555,10509869649,100,100,100,100,0.26,0.28,0.56,0.66
91303,06,037,06037,26855,9502,5644978,5603372,26855,9502,5644978,5603372,9818605,3445076,12304882555,10509869649,100,100,100,100,0.27,0.28,0.05,0.05
91304,06,037,06037,49990,17349,20908689,20861548,50231,17456,24409414,24360147,9818605,3445076,12304882555,10509869649,99.52,99.39,85.66,85.64,0.51,0.5,0.17,0.2
91304,06,111,06111,241,107,3500725,3498599,50231,17456,24409414,24360147,823318,281695,5719683515,4773691889,0.48,0.61,14.34,14.36,0.03,0.04,0.06,0.07
91306,06,037,06037,45061,14389,10781255,10718165,45061,14389,10781255,10718165,9818605,3445076,12304882555,10509869649,100,100,100,100,0.46,0.42,0.09,0.1
91307,06,037,06037,22425,7868,11446963,11423103,24474,8556,20860392,20836532,9818605,3445076,12304882555,10509869649,91.63,91.96,54.87,54.82,0.23,0.23,0.09,0.11
91307,06,111,06111,2049,688,9413429,9413429,24474,8556,20860392,20836532,823318,281695,5719683515,4773691889,8.37,8.04,45.13,45.18,0.25,0.24,0.16,0.2
91311,06,037,06037,36289,13891,84611945,82199762,36557,14021,85493419,83081236,9818605,3445076,12304882555,10509869649,99.27,99.07,98.97,98.94,0.37,0.4,0.69,0.78
91311,06,111,06111,268,130,881474,881474,36557,14021,85493419,83081236,823318,281695,5719683515,4773691889,0.73,0.93,1.03,1.06,0.03,0.05,0.02,0.02
91316,06,037,06037,26898,12692,13661450,12968532,26898,12692,13661450,12968532,9818605,3445076,12304882555,10509869649,100,100,100,100,0.27,0.37,0.11,0.12
91320,06,111,06111,44274,15438,47261336,47261336,44274,15438,47261336,47261336,823318,281695,5719683515,4773691889,100,100,100,100,5.38,5.48,0.83,0.99
91321,06,037,06037,34882,11892,67096531,67031333,34882,11892,67096531,67031333,9818605,3445076,12304882555,10509869649,100,100,100,100,0.36,0.35,0.55,0.64
91324,06,037,06037,27669,10020,11437330,11373551,27669,10020,11437330,11373551,9818605,3445076,12304882555,10509869649,100,100,100,100,0.28,0.29,0.09,0.11
91325,06,037,06037,32417,12488,12494338,12486897,32417,12488,12494338,12486897,9818605,3445076,12304882555,10509869649,100,100,100,100,0.33,0.36,0.1,0.12
91326,06,037,06037,33708,12206,21152755,21131468,33708,12206,21152755,21131468,9818605,3445076,12304882555,10509869649,100,100,100,100,0.34,0.35,0.17,0.2
91330,06,037,06037,2702,2,882333,882333,2702,2,882333,882333,9818605,3445076,12304882555,10509869649,100,100,100,100,0.03,0,0.01,0.01
91331,06,037,06037,103689,23780,23048758,22928415,103689,23780,23048758,22928415,9818605,3445076,12304882555,10509869649,100,100,100,100,1.06,0.69,0.19,0.22
91335,06,037,06037,74363,24158,17083043,17002131,74363,24158,17083043,17002131,9818605,3445076,12304882555,10509869649,100,100,100,100,0.76,0.7,0.14,0.16
91340,06,037,06037,34188,8623,8756157,8756157,34188,8623,8756157,8756157,9818605,3445076,12304882555,10509869649,100,100,100,100,0.35,0.25,0.07,0.08
91342,06,037,06037,91725,24967,143422182,142711370,91725,24967,143422182,142711370,9818605,3445076,12304882555,10509869649,100,100,100,100,0.93,0.72,1.17,1.36
91343,06,037,06037,60254,17619,15344725,15310097,60254,17619,15344725,15310097,9818605,3445076,12304882555,10509869649,100,100,100,100,0.61,0.51,0.12,0.15
91344,06,037,06037,51747,17444,43401915,42511968,51747,17444,43401915,42511968,9818605,3445076,12304882555,10509869649,100,100,100,100,0.53,0.51,0.35,0.4
91345,06,037,06037,18496,5412,8429521,8396240,18496,5412,8429521,8396240,9818605,3445076,12304882555,10509869649,100,100,100,100,0.19,0.16,0.07,0.08
91350,06,037,06037,33348,11336,43948937,43886336,33348,11336,43948937,43886336,9818605,3445076,12304882555,10509869649,100,100,100,100,0.34,0.33,0.36,0.42
91351,06,037,06037,32362,10531,24793103,24789457,32362,10531,24793103,24789457,9818605,3445076,12304882555,10509869649,100,100,100,100,0.33,0.31,0.2,0.24
91352,06,037,06037,47807,12620,30813290,30221660,47807,12620,30813290,30221660,9818605,3445076,12304882555,10509869649,100,100,100,100,0.49,0.37,0.25,0.29
91354,06,037,06037,28722,9926,22600194,22595656,28722,9926,22600194,22595656,9818605,3445076,12304882555,10509869649,100,100,100,100,0.29,0.29,0.18,0.21
91355,06,037,06037,32605,13322,40487220,40079320,32605,13322,40487220,40079320,9818605,3445076,12304882555,10509869649,100,100,100,100,0.33,0.39,0.33,0.38
91356,06,037,06037,29458,12454,18996187,18996187,29458,12454,18996187,18996187,9818605,3445076,12304882555,10509869649,100,100,100,100,0.3,0.36,0.15,0.18
91360,06,111,06111,42402,15515,37627046,37627046,42402,15515,37627046,37627046,823318,281695,5719683515,4773691889,100,100,100,100,5.15,5.51,0.66,0.79
91361,06,037,06037,7140,3002,14908526,14079907,20438,8738,88474150,86771992,9818605,3445076,12304882555,10509869649,34.93,34.36,16.85,16.23,0.07,0.09,0.12,0.13
91361,06,111,06111,13298,5736,73565624,72692085,20438,8738,88474150,86771992,823318,281695,5719683515,4773691889,65.07,65.64,83.15,83.77,1.62,2.04,1.29,1.52
91362,06,037,06037,1215,414,2677322,2677322,36045,14033,50808113,50808113,9818605,3445076,12304882555,10509869649,3.37,2.95,5.27,5.27,0.01,0.01,0.02,0.03
91362,06,111,06111,34830,13619,48130791,48130791,36045,14033,50808113,50808113,823318,281695,5719683515,4773691889,96.63,97.05,94.73,94.73,4.23,4.83,0.84,1.01
91364,06,037,06037,25851,10975,19680220,19665436,25851,10975,19680220,19665436,9818605,3445076,12304882555,10509869649,100,100,100,100,0.26,0.32,0.16,0.19
91367,06,037,06037,39499,18210,19304376,19272057,39499,18210,19304376,19272057,9818605,3445076,12304882555,10509869649,100,100,100,100,0.4,0.53,0.16,0.18
91371,06,037,06037,1,1,606883,606883,1,1,606883,606883,9818605,3445076,12304882555,10509869649,100,100,100,100,0,0,0,0.01
91377,06,111,06111,13811,5297,13712658,13712658,13811,5297,13712658,13712658,823318,281695,5719683515,4773691889,100,100,100,100,1.68,1.88,0.24,0.29
91381,06,037,06037,20158,6848,97560026,97468870,20158,6848,97560026,97468870,9818605,3445076,12304882555,10509869649,100,100,100,100,0.21,0.2,0.79,0.93
91384,06,037,06037,29855,7197,290445925,281172396,29855,7197,290445925,281172396,9818605,3445076,12304882555,10509869649,100,100,100,100,0.3,0.21,2.36,2.68
91387,06,037,06037,40328,13793,128490151,128267971,40328,13793,128490151,128267971,9818605,3445076,12304882555,10509869649,100,100,100,100,0.41,0.4,1.04,1.22
91390,06,037,06037,19786,6742,373151071,370679105,19786,6742,373151071,370679105,9818605,3445076,12304882555,10509869649,100,100,100,100,0.2,0.2,3.03,3.53
91401,06,037,06037,39285,15289,8968205,8943621,39285,15289,8968205,8943621,9818605,3445076,12304882555,10509869649,100,100,100,100,0.4,0.44,0.07,0.09
91402,06,037,06037,69817,19179,9730355,9652884,69817,19179,9730355,9652884,9818605,3445076,12304882555,10509869649,100,100,100,100,0.71,0.56,0.08,0.09
91403,06,037,06037,23484,12051,9443615,9404990,23484,12051,9443615,9404990,9818605,3445076,12304882555,10509869649,100,100,100,100,0.24,0.35,0.08,0.09
91405,06,037,06037,51145,17442,8587857,8570051,51145,17442,8587857,8570051,9818605,3445076,12304882555,10509869649,100,100,100,100,0.52,0.51,0.07,0.08
91406,06,037,06037,51558,18034,21102152,21061927,51558,18034,21102152,21061927,9818605,3445076,12304882555,10509869649,100,100,100,100,0.53,0.52,0.17,0.2
91411,06,037,06037,24628,9788,5289571,5289571,24628,9788,5289571,5289571,9818605,3445076,12304882555,10509869649,100,100,100,100,0.25,0.28,0.04,0.05
91423,06,037,06037,30991,15787,11361296,11299941,30991,15787,11361296,11299941,9818605,3445076,12304882555,10509869649,100,100,100,100,0.32,0.46,0.09,0.11
91436,06,037,06037,14372,5788,14891780,14751608,14372,5788,14891780,14751608,9818605,3445076,12304882555,10509869649,100,100,100,100,0.15,0.17,0.12,0.14
91501,06,037,06037,20849,8686,10303987,10275378,20849,8686,10303987,10275378,9818605,3445076,12304882555,10509869649,100,100,100,100,0.21,0.25,0.08,0.1
91502,06,037,06037,11371,5419,3485092,3456372,11371,5419,3485092,3456372,9818605,3445076,12304882555,10509869649,100,100,100,100,0.12,0.16,0.03,0.03
91504,06,037,06037,24939,9702,12812967,12783282,24939,9702,12812967,12783282,9818605,3445076,12304882555,10509869649,100,100,100,100,0.25,0.28,0.1,0.12
91505,06,037,06037,30778,13850,13062729,13054296,30778,13850,13062729,13054296,9818605,3445076,12304882555,10509869649,100,100,100,100,0.31,0.4,0.11,0.12
91506,06,037,06037,18904,7927,6339632,6337375,18904,7927,6339632,6337375,9818605,3445076,12304882555,10509869649,100,100,100,100,0.19,0.23,0.05,0.06
91601,06,037,06037,37180,17392,6865017,6864519,37180,17392,6865017,6864519,9818605,3445076,12304882555,10509869649,100,100,100,100,0.38,0.5,0.06,0.07
91602,06,037,06037,17473,9946,5370807,5302419,17473,9946,5370807,5302419,9818605,3445076,12304882555,10509869649,100,100,100,100,0.18,0.29,0.04,0.05
91604,06,037,06037,29034,15373,13534045,13343410,29034,15373,13534045,13343410,9818605,3445076,12304882555,10509869649,100,100,100,100,0.3,0.45,0.11,0.13
91605,06,037,06037,56343,16199,14189685,14151285,56343,16199,14189685,14151285,9818605,3445076,12304882555,10509869649,100,100,100,100,0.57,0.47,0.12,0.13
91606,06,037,06037,44958,15676,8656643,8631179,44958,15676,8656643,8631179,9818605,3445076,12304882555,10509869649,100,100,100,100,0.46,0.46,0.07,0.08
91607,06,037,06037,27927,13841,6376445,6318261,27927,13841,6376445,6318261,9818605,3445076,12304882555,10509869649,100,100,100,100,0.28,0.4,0.05,0.06
91608,06,037,06037,0,0,1588900,1551696,0,0,1588900,1551696,9818605,3445076,12304882555,10509869649,0,0,100,100,0,0,0.01,0.01
91701,06,071,06071,38976,13351,18829141,18829141,38976,13351,18829141,18829141,2035210,699637,52071257852,51947229509,100,100,100,100,1.92,1.91,0.04,0.04
91702,06,037,06037,59705,16224,442580406,438640351,59705,16224,442580406,438640351,9818605,3445076,12304882555,10509869649,100,100,100,100,0.61,0.47,3.6,4.17
91706,06,037,06037,76571,18067,37020933,34800666,76571,18067,37020933,34800666,9818605,3445076,12304882555,10509869649,100,100,100,100,0.78,0.52,0.3,0.33
91708,06,071,06071,3369,381,24821473,24788125,3369,381,24821473,24788125,2035210,699637,52071257852,51947229509,100,100,100,100,0.17,0.05,0.05,0.05
91709,06,071,06071,74796,23615,88696866,88521406,74796,23615,88696866,88521406,2035210,699637,52071257852,51947229509,100,100,100,100,3.68,3.38,0.17,0.17
91710,06,071,06071,80358,23009,55706484,55706484,80358,23009,55706484,55706484,2035210,699637,52071257852,51947229509,100,100,100,100,3.95,3.29,0.11,0.11
91711,06,037,06037,35705,12431,39236210,38876149,35705,12431,39236210,38876149,9818605,3445076,12304882555,10509869649,100,100,100,100,0.36,0.36,0.32,0.37
91722,06,037,06037,34409,10450,10702808,10698907,34409,10450,10702808,10698907,9818605,3445076,12304882555,10509869649,100,100,100,100,0.35,0.3,0.09,0.1
91723,06,037,06037,18275,6672,6041128,6008935,18275,6672,6041128,6008935,9818605,3445076,12304882555,10509869649,100,100,100,100,0.19,0.19,0.05,0.06
91724,06,037,06037,26184,8771,16153581,16146217,26184,8771,16153581,16146217,9818605,3445076,12304882555,10509869649,100,100,100,100,0.27,0.25,0.13,0.15
91730,06,071,06071,66925,24024,37517224,37487504,66925,24024,37517224,37487504,2035210,699637,52071257852,51947229509,100,100,100,100,3.29,3.43,0.07,0.07
91731,06,037,06037,29591,8381,10048062,9878514,29591,8381,10048062,9878514,9818605,3445076,12304882555,10509869649,100,100,100,100,0.3,0.24,0.08,0.09
91732,06,037,06037,61386,15347,12191473,11953508,61386,15347,12191473,11953508,9818605,3445076,12304882555,10509869649,100,100,100,100,0.63,0.45,0.1,0.11
91733,06,037,06037,43896,10297,18102844,17303562,43896,10297,18102844,17303562,9818605,3445076,12304882555,10509869649,100,100,100,100,0.45,0.3,0.15,0.16
91737,06,071,06071,24740,8399,21696646,21696646,24740,8399,21696646,21696646,2035210,699637,52071257852,51947229509,100,100,100,100,1.22,1.2,0.04,0.04
91739,06,071,06071,34794,10890,76139018,76117741,34794,10890,76139018,76117741,2035210,699637,52071257852,51947229509,100,100,100,100,1.71,1.56,0.15,0.15
91740,06,037,06037,25356,8724,12935986,12892633,25356,8724,12935986,12892633,9818605,3445076,12304882555,10509869649,100,100,100,100,0.26,0.25,0.11,0.12
91741,06,037,06037,25824,9433,38761214,38377632,25824,9433,38761214,38377632,9818605,3445076,12304882555,10509869649,100,100,100,100,0.26,0.27,0.32,0.37
91744,06,037,06037,85040,19211,22768245,22764793,85040,19211,22768245,22764793,9818605,3445076,12304882555,10509869649,100,100,100,100,0.87,0.56,0.19,0.22
91745,06,037,06037,54013,16645,33233421,33172472,54013,16645,33233421,33172472,9818605,3445076,12304882555,10509869649,100,100,100,100,0.55,0.48,0.27,0.32
91746,06,037,06037,30485,6937,14912865,14425626,30485,6937,14912865,14425626,9818605,3445076,12304882555,10509869649,100,100,100,100,0.31,0.2,0.12,0.14
91748,06,037,06037,45406,13889,37677926,37472106,45406,13889,37677926,37472106,9818605,3445076,12304882555,10509869649,100,100,100,100,0.46,0.4,0.31,0.36
91750,06,037,06037,33249,12396,65866419,65354791,33249,12396,65866419,65354791,9818605,3445076,12304882555,10509869649,100,100,100,100,0.34,0.36,0.54,0.62
91752,06,065,06065,30047,9025,39617643,39075775,30047,9025,39617643,39075775,2189641,800707,18915769995,18664696661,100,100,100,100,1.37,1.13,0.21,0.21
91754,06,037,06037,32742,11718,11767698,11739576,32742,11718,11767698,11739576,9818605,3445076,12304882555,10509869649,100,100,100,100,0.33,0.34,0.1,0.11
91755,06,037,06037,27496,9122,8180171,8049940,27496,9122,8180171,8049940,9818605,3445076,12304882555,10509869649,100,100,100,100,0.28,0.26,0.07,0.08
91759,06,037,06037,66,39,168716871,168714806,476,366,213131276,213129211,9818605,3445076,12304882555,10509869649,13.87,10.66,79.16,79.16,0,0,1.37,1.61
91759,06,071,06071,410,327,44414405,44414405,476,366,213131276,213129211,2035210,699637,52071257852,51947229509,86.13,89.34,20.84,20.84,0.02,0.05,0.09,0.09
91761,06,071,06071,56913,16038,75584135,75551607,56913,16038,75584135,75551607,2035210,699637,52071257852,51947229509,100,100,100,100,2.8,2.29,0.15,0.15
91762,06,071,06071,55857,16769,35286725,35286725,55857,16769,35286725,35286725,2035210,699637,52071257852,51947229509,100,100,100,100,2.74,2.4,0.07,0.07
91763,06,071,06071,36375,9833,13393075,13393075,36375,9833,13393075,13393075,2035210,699637,52071257852,51947229509,100,100,100,100,1.79,1.41,0.03,0.03
91764,06,071,06071,54086,15411,20872460,20735380,54086,15411,20872460,20735380,2035210,699637,52071257852,51947229509,100,100,100,100,2.66,2.2,0.04,0.04
91765,06,037,06037,46457,15547,49014411,49001327,46457,15547,49014411,49001327,9818605,3445076,12304882555,10509869649,100,100,100,100,0.47,0.45,0.4,0.47
91766,06,037,06037,66902,17574,25273104,25260041,71599,18629,26342970,26329907,9818605,3445076,12304882555,10509869649,93.44,94.34,95.94,95.94,0.68,0.51,0.21,0.24
91766,06,071,06071,4697,1055,1069866,1069866,71599,18629,26342970,26329907,2035210,699637,52071257852,51947229509,6.56,5.66,4.06,4.06,0.23,0.15,0,0
91767,06,037,06037,48068,14520,14573620,14557522,48068,14520,14573620,14557522,9818605,3445076,12304882555,10509869649,100,100,100,100,0.49,0.42,0.12,0.14
91768,06,037,06037,34537,8381,22415291,22402279,34537,8381,22415291,22402279,9818605,3445076,12304882555,10509869649,100,100,100,100,0.35,0.24,0.18,0.21
91770,06,037,06037,62097,17258,16773129,16634980,62097,17258,16773129,16634980,9818605,3445076,12304882555,10509869649,100,100,100,100,0.63,0.5,0.14,0.16
91773,06,037,06037,33119,12414,38050864,37043410,33119,12414,38050864,37043410,9818605,3445076,12304882555,10509869649,100,100,100,100,0.34,0.36,0.31,0.35
91775,06,037,06037,23988,8567,7971786,7934784,23988,8567,7971786,7934784,9818605,3445076,12304882555,10509869649,100,100,100,100,0.24,0.25,0.06,0.08
91776,06,037,06037,38475,12493,8819870,8818748,38475,12493,8819870,8818748,9818605,3445076,12304882555,10509869649,100,100,100,100,0.39,0.36,0.07,0.08
91780,06,037,06037,34332,11828,9930899,9917339,34332,11828,9930899,9917339,9818605,3445076,12304882555,10509869649,100,100,100,100,0.35,0.34,0.08,0.09
91784,06,071,06071,25938,9200,24107868,23605118,25938,9200,24107868,23605118,2035210,699637,52071257852,51947229509,100,100,100,100,1.27,1.31,0.05,0.05
91786,06,071,06071,51165,19394,23187609,23187609,51165,19394,23187609,23187609,2035210,699637,52071257852,51947229509,100,100,100,100,2.51,2.77,0.04,0.04
91789,06,037,06037,43079,13246,40612636,40488919,43079,13246,40612636,40488919,9818605,3445076,12304882555,10509869649,100,100,100,100,0.44,0.38,0.33,0.39
91790,06,037,06037,44907,13151,15020449,14950670,44907,13151,15020449,14950670,9818605,3445076,12304882555,10509869649,100,100,100,100,0.46,0.38,0.12,0.14
91791,06,037,06037,32414,10612,17239020,17184581,32414,10612,17239020,17184581,9818605,3445076,12304882555,10509869649,100,100,100,100,0.33,0.31,0.14,0.16
91792,06,037,06037,30854,9504,9952140,9950710,30854,9504,9952140,9950710,9818605,3445076,12304882555,10509869649,100,100,100,100,0.31,0.28,0.08,0.09
91801,06,037,06037,52735,20521,11286727,11286727,52735,20521,11286727,11286727,9818605,3445076,12304882555,10509869649,100,100,100,100,0.54,0.6,0.09,0.11
91803,06,037,06037,30322,10385,8461013,8458066,30322,10385,8461013,8458066,9818605,3445076,12304882555,10509869649,100,100,100,100,0.31,0.3,0.07,0.08
91901,06,073,06073,17403,6720,233208463,231185687,17403,6720,233208463,231185687,3095313,1164786,11721468557,10895120648,100,100,100,100,0.56,0.58,1.99,2.12
91902,06,073,06073,17653,6183,23318152,22549756,17653,6183,23318152,22549756,3095313,1164786,11721468557,10895120648,100,100,100,100,0.57,0.53,0.2,0.21
91905,06,073,06073,1700,893,170516716,170458715,1700,893,170516716,170458715,3095313,1164786,11721468557,10895120648,100,100,100,100,0.05,0.08,1.45,1.56
91906,06,073,06073,3627,1518,275176610,273324669,3627,1518,275176610,273324669,3095313,1164786,11721468557,10895120648,100,100,100,100,0.12,0.13,2.35,2.51
91910,06,073,06073,75802,27557,31771163,31684276,75802,27557,31771163,31684276,3095313,1164786,11721468557,10895120648,100,100,100,100,2.45,2.37,0.27,0.29
91911,06,073,06073,82999,25616,30815225,30333860,82999,25616,30815225,30333860,3095313,1164786,11721468557,10895120648,100,100,100,100,2.68,2.2,0.26,0.28
91913,06,073,06073,40971,12865,26505158,26413863,40971,12865,26505158,26413863,3095313,1164786,11721468557,10895120648,100,100,100,100,1.32,1.1,0.23,0.24
91914,06,073,06073,15448,4572,16528132,16300235,15448,4572,16528132,16300235,3095313,1164786,11721468557,10895120648,100,100,100,100,0.5,0.39,0.14,0.15
91915,06,073,06073,24659,7487,21375779,19700021,24659,7487,21375779,19700021,3095313,1164786,11721468557,10895120648,100,100,100,100,0.8,0.64,0.18,0.18
91916,06,073,06073,1622,793,103034401,103034401,1622,793,103034401,103034401,3095313,1164786,11721468557,10895120648,100,100,100,100,0.05,0.07,0.88,0.95
91917,06,073,06073,992,320,93800045,93800045,992,320,93800045,93800045,3095313,1164786,11721468557,10895120648,100,100,100,100,0.03,0.03,0.8,0.86
91931,06,073,06073,592,288,37465786,37465786,592,288,37465786,37465786,3095313,1164786,11721468557,10895120648,100,100,100,100,0.02,0.02,0.32,0.34
91932,06,073,06073,25718,9883,7974318,6509768,25718,9883,7974318,6509768,3095313,1164786,11721468557,10895120648,100,100,100,100,0.83,0.85,0.07,0.06
91934,06,073,06073,737,436,121045920,121027388,737,436,121045920,121027388,3095313,1164786,11721468557,10895120648,100,100,100,100,0.02,0.04,1.03,1.11
91935,06,073,06073,8624,3101,251630813,250190793,8624,3101,251630813,250190793,3095313,1164786,11721468557,10895120648,100,100,100,100,0.28,0.27,2.15,2.3
91941,06,073,06073,31779,12856,20907284,20879219,31779,12856,20907284,20879219,3095313,1164786,11721468557,10895120648,100,100,100,100,1.03,1.1,0.18,0.19
91942,06,073,06073,38069,18285,15192192,15114012,38069,18285,15192192,15114012,3095313,1164786,11721468557,10895120648,100,100,100,100,1.23,1.57,0.13,0.14
91945,06,073,06073,25460,8915,10169406,10169406,25460,8915,10169406,10169406,3095313,1164786,11721468557,10895120648,100,100,100,100,0.82,0.77,0.09,0.09
91948,06,073,06073,78,215,51539711,51396049,78,215,51539711,51396049,3095313,1164786,11721468557,10895120648,100,100,100,100,0,0.02,0.44,0.47
91950,06,073,06073,60322,17167,20747733,19680919,60322,17167,20747733,19680919,3095313,1164786,11721468557,10895120648,100,100,100,100,1.95,1.47,0.18,0.18
91962,06,073,06073,1646,804,133722486,133722486,1646,804,133722486,133722486,3095313,1164786,11721468557,10895120648,100,100,100,100,0.05,0.07,1.14,1.23
91963,06,073,06073,1118,413,87130680,87130680,1118,413,87130680,87130680,3095313,1164786,11721468557,10895120648,100,100,100,100,0.04,0.04,0.74,0.8
91977,06,073,06073,58368,19167,25044841,25033285,58368,19167,25044841,25033285,3095313,1164786,11721468557,10895120648,100,100,100,100,1.89,1.65,0.21,0.23
91978,06,073,06073,8896,3159,17531088,16572908,8896,3159,17531088,16572908,3095313,1164786,11721468557,10895120648,100,100,100,100,0.29,0.27,0.15,0.15
91980,06,073,06073,165,49,9275957,9275957,165,49,9275957,9275957,3095313,1164786,11721468557,10895120648,100,100,100,100,0.01,0,0.08,0.09
92003,06,073,06073,4746,1995,45683215,44881644,4746,1995,45683215,44881644,3095313,1164786,11721468557,10895120648,100,100,100,100,0.15,0.17,0.39,0.41
92004,06,025,06025,5,22,1006947617,1006947617,3881,3288,1797855828,1796320407,174528,56067,11607600466,10817352524,0.13,0.67,56.01,56.06,0,0.04,8.67,9.31
92004,06,073,06073,3876,3266,790908211,789372790,3881,3288,1797855828,1796320407,3095313,1164786,11721468557,10895120648,99.87,99.33,43.99,43.94,0.13,0.28,6.75,7.25
92007,06,073,06073,10429,4765,7503442,6330084,10429,4765,7503442,6330084,3095313,1164786,11721468557,10895120648,100,100,100,100,0.34,0.41,0.06,0.06
92008,06,073,06073,27649,12799,30573749,26696113,27649,12799,30573749,26696113,3095313,1164786,11721468557,10895120648,100,100,100,100,0.89,1.1,0.26,0.25
92009,06,073,06073,40747,16059,33648860,32960924,40747,16059,33648860,32960924,3095313,1164786,11721468557,10895120648,100,100,100,100,1.32,1.38,0.29,0.3
92010,06,073,06073,14382,5711,21282121,20925397,14382,5711,21282121,20925397,3095313,1164786,11721468557,10895120648,100,100,100,100,0.46,0.49,0.18,0.19
92011,06,073,06073,22405,10036,18184276,17611529,22405,10036,18184276,17611529,3095313,1164786,11721468557,10895120648,100,100,100,100,0.72,0.86,0.16,0.16
92014,06,073,06073,13154,6755,16843256,15615216,13154,6755,16843256,15615216,3095313,1164786,11721468557,10895120648,100,100,100,100,0.42,0.58,0.14,0.14
92019,06,073,06073,42598,15838,71858827,69540477,42598,15838,71858827,69540477,3095313,1164786,11721468557,10895120648,100,100,100,100,1.38,1.36,0.61,0.64
92020,06,073,06073,57767,20894,28841078,28841078,57767,20894,28841078,28841078,3095313,1164786,11721468557,10895120648,100,100,100,100,1.87,1.79,0.25,0.26
92021,06,073,06073,65068,23881,77818150,77254882,65068,23881,77818150,77254882,3095313,1164786,11721468557,10895120648,100,100,100,100,2.1,2.05,0.66,0.71
92024,06,073,06073,49121,20991,45659826,43710390,49121,20991,45659826,43710390,3095313,1164786,11721468557,10895120648,100,100,100,100,1.59,1.8,0.39,0.4
92025,06,073,06073,49978,15781,58248837,57076472,49978,15781,58248837,57076472,3095313,1164786,11721468557,10895120648,100,100,100,100,1.61,1.35,0.5,0.52
92026,06,073,06073,48922,18178,96377487,96377487,48922,18178,96377487,96377487,3095313,1164786,11721468557,10895120648,100,100,100,100,1.58,1.56,0.82,0.88
92027,06,073,06073,53881,17051,164588274,163333206,53881,17051,164588274,163333206,3095313,1164786,11721468557,10895120648,100,100,100,100,1.74,1.46,1.4,1.5
92028,06,065,06065,49,12,2313698,2313698,46239,17325,245522969,244405303,2189641,800707,18915769995,18664696661,0.11,0.07,0.94,0.95,0,0,0.01,0.01
92028,06,073,06073,46190,17313,243209271,242091605,46239,17325,245522969,244405303,3095313,1164786,11721468557,10895120648,99.89,99.93,99.06,99.05,1.49,1.49,2.07,2.22
92029,06,073,06073,19021,7364,62427223,61242380,19021,7364,62427223,61242380,3095313,1164786,11721468557,10895120648,100,100,100,100,0.61,0.63,0.53,0.56
92036,06,073,06073,3440,2227,462978160,462868130,3440,2227,462978160,462868130,3095313,1164786,11721468557,10895120648,100,100,100,100,0.11,0.19,3.95,4.25
92037,06,073,06073,46781,20162,39098651,33871798,46781,20162,39098651,33871798,3095313,1164786,11721468557,10895120648,100,100,100,100,1.51,1.73,0.33,0.31
92040,06,073,06073,41281,15610,172797073,166223863,41281,15610,172797073,166223863,3095313,1164786,11721468557,10895120648,100,100,100,100,1.33,1.34,1.47,1.53
92054,06,073,06073,40375,17924,33071354,30931473,40375,17924,33071354,30931473,3095313,1164786,11721468557,10895120648,100,100,100,100,1.3,1.54,0.28,0.28
92055,06,073,06073,15655,388,255039574,255039574,15655,388,255039574,255039574,3095313,1164786,11721468557,10895120648,100,100,100,100,0.51,0.03,2.18,2.34
92056,06,073,06073,51835,20128,32242249,32145434,51835,20128,32242249,32145434,3095313,1164786,11721468557,10895120648,100,100,100,100,1.67,1.73,0.28,0.3
92057,06,073,06073,54096,18860,40023291,39077390,54096,18860,40023291,39077390,3095313,1164786,11721468557,10895120648,100,100,100,100,1.75,1.62,0.34,0.36
92058,06,073,06073,42436,14431,77685344,73079229,42436,14431,77685344,73079229,3095313,1164786,11721468557,10895120648,100,100,100,100,1.37,1.24,0.66,0.67
92059,06,073,06073,1618,569,72142986,72142986,1618,569,72142986,72142986,3095313,1164786,11721468557,10895120648,100,100,100,100,0.05,0.05,0.62,0.66
92060,06,073,06073,218,217,185682214,180321664,218,217,185682214,180321664,3095313,1164786,11721468557,10895120648,100,100,100,100,0.01,0.02,1.58,1.66
92061,06,073,06073,2499,1097,102841863,102841863,2499,1097,102841863,102841863,3095313,1164786,11721468557,10895120648,100,100,100,100,0.08,0.09,0.88,0.94
92064,06,073,06073,47904,16752,106301730,106078295,47904,16752,106301730,106078295,3095313,1164786,11721468557,10895120648,100,100,100,100,1.55,1.44,0.91,0.97
92065,06,073,06073,35414,12708,428961978,427786922,35414,12708,428961978,427786922,3095313,1164786,11721468557,10895120648,100,100,100,100,1.14,1.09,3.66,3.93
92066,06,073,06073,378,211,51378283,51378283,378,211,51378283,51378283,3095313,1164786,11721468557,10895120648,100,100,100,100,0.01,0.02,0.44,0.47
92067,06,073,06073,9535,3990,58521219,58320346,9535,3990,58521219,58320346,3095313,1164786,11721468557,10895120648,100,100,100,100,0.31,0.34,0.5,0.54
92069,06,073,06073,46369,14538,42612345,42612345,46369,14538,42612345,42612345,3095313,1164786,11721468557,10895120648,100,100,100,100,1.5,1.25,0.36,0.39
92070,06,073,06073,1245,600,353487482,344918806,1245,600,353487482,344918806,3095313,1164786,11721468557,10895120648,100,100,100,100,0.04,0.05,3.02,3.17
92071,06,073,06073,53422,20052,46009726,45148259,53422,20052,46009726,45148259,3095313,1164786,11721468557,10895120648,100,100,100,100,1.73,1.72,0.39,0.41
92075,06,073,06073,12056,6163,10396372,9177835,12056,6163,10396372,9177835,3095313,1164786,11721468557,10895120648,100,100,100,100,0.39,0.53,0.09,0.08
92078,06,073,06073,42906,17034,43528331,43252983,42906,17034,43528331,43252983,3095313,1164786,11721468557,10895120648,100,100,100,100,1.39,1.46,0.37,0.4
92081,06,073,06073,27404,10840,22933235,22933235,27404,10840,22933235,22933235,3095313,1164786,11721468557,10895120648,100,100,100,100,0.89,0.93,0.2,0.21
92082,06,073,06073,19037,6711,318443651,318248357,19037,6711,318443651,318248357,3095313,1164786,11721468557,10895120648,100,100,100,100,0.62,0.58,2.72,2.92
92083,06,073,06073,36975,10982,14429010,14429010,36975,10982,14429010,14429010,3095313,1164786,11721468557,10895120648,100,100,100,100,1.19,0.94,0.12,0.13
92084,06,073,06073,47654,15562,67831242,67781555,47654,15562,67831242,67781555,3095313,1164786,11721468557,10895120648,100,100,100,100,1.54,1.34,0.58,0.62
92086,06,073,06073,1573,846,572059585,570899193,1573,846,572059585,570899193,3095313,1164786,11721468557,10895120648,100,100,100,100,0.05,0.07,4.88,5.24
92091,06,073,06073,1048,620,1697779,1696988,1048,620,1697779,1696988,3095313,1164786,11721468557,10895120648,100,100,100,100,0.03,0.05,0.01,0.02
92101,06,073,06073,37095,25169,12748437,12212329,37095,25169,12748437,12212329,3095313,1164786,11721468557,10895120648,100,100,100,100,1.2,2.16,0.11,0.11
92102,06,073,06073,43267,14987,11988531,11988531,43267,14987,11988531,11988531,3095313,1164786,11721468557,10895120648,100,100,100,100,1.4,1.29,0.1,0.11
92103,06,073,06073,31066,19080,9758123,9758123,31066,19080,9758123,9758123,3095313,1164786,11721468557,10895120648,100,100,100,100,1,1.64,0.08,0.09
92104,06,073,06073,44414,22325,9821555,9814957,44414,22325,9821555,9814957,3095313,1164786,11721468557,10895120648,100,100,100,100,1.43,1.92,0.08,0.09
92105,06,073,06073,69813,21744,14426494,14426494,69813,21744,14426494,14426494,3095313,1164786,11721468557,10895120648,100,100,100,100,2.26,1.87,0.12,0.13
92106,06,073,06073,19330,8322,16455710,14611356,19330,8322,16455710,14611356,3095313,1164786,11721468557,10895120648,100,100,100,100,0.62,0.71,0.14,0.13
92107,06,073,06073,28651,14493,9340510,8148687,28651,14493,9340510,8148687,3095313,1164786,11721468557,10895120648,100,100,100,100,0.93,1.24,0.08,0.07
92108,06,073,06073,18858,11601,11401844,11094650,18858,11601,11401844,11094650,3095313,1164786,11721468557,10895120648,100,100,100,100,0.61,1,0.1,0.1
92109,06,073,06073,45787,26216,30779916,19673788,45787,26216,30779916,19673788,3095313,1164786,11721468557,10895120648,100,100,100,100,1.48,2.25,0.26,0.18
92110,06,073,06073,25341,11426,12783884,12568206,25341,11426,12783884,12568206,3095313,1164786,11721468557,10895120648,100,100,100,100,0.82,0.98,0.11,0.12
92111,06,073,06073,45096,17268,21910604,21910604,45096,17268,21910604,21910604,3095313,1164786,11721468557,10895120648,100,100,100,100,1.46,1.48,0.19,0.2
92113,06,073,06073,56066,13196,13676394,13647793,56066,13196,13676394,13647793,3095313,1164786,11721468557,10895120648,100,100,100,100,1.81,1.13,0.12,0.13
92114,06,073,06073,65433,17930,21336471,21336471,65433,17930,21336471,21336471,3095313,1164786,11721468557,10895120648,100,100,100,100,2.11,1.54,0.18,0.2
92115,06,073,06073,58560,22754,16914627,16846299,58560,22754,16914627,16846299,3095313,1164786,11721468557,10895120648,100,100,100,100,1.89,1.95,0.14,0.15
92116,06,073,06073,31680,17122,8980826,8980826,31680,17122,8980826,8980826,3095313,1164786,11721468557,10895120648,100,100,100,100,1.02,1.47,0.08,0.08
92117,06,073,06073,51332,21466,22756330,22756330,51332,21466,22756330,22756330,3095313,1164786,11721468557,10895120648,100,100,100,100,1.66,1.84,0.19,0.21
92118,06,073,06073,23575,9633,24127708,20073884,23575,9633,24127708,20073884,3095313,1164786,11721468557,10895120648,100,100,100,100,0.76,0.83,0.21,0.18
92119,06,073,06073,23057,9853,18389739,17741735,23057,9853,18389739,17741735,3095313,1164786,11721468557,10895120648,100,100,100,100,0.74,0.85,0.16,0.16
92120,06,073,06073,26317,11411,17629645,17237652,26317,11411,17629645,17237652,3095313,1164786,11721468557,10895120648,100,100,100,100,0.85,0.98,0.15,0.16
92121,06,073,06073,4179,1752,31805186,31731008,4179,1752,31805186,31731008,3095313,1164786,11721468557,10895120648,100,100,100,100,0.14,0.15,0.27,0.29
92122,06,073,06073,43728,21058,41277715,41256867,43728,21058,41277715,41256867,3095313,1164786,11721468557,10895120648,100,100,100,100,1.41,1.81,0.35,0.38
92123,06,073,06073,26823,10760,21148247,21148247,26823,10760,21148247,21148247,3095313,1164786,11721468557,10895120648,100,100,100,100,0.87,0.92,0.18,0.19
92124,06,073,06073,30443,11445,27292841,27147056,30443,11445,27292841,27147056,3095313,1164786,11721468557,10895120648,100,100,100,100,0.98,0.98,0.23,0.25
92126,06,073,06073,73343,23820,32816606,32816606,73343,23820,32816606,32816606,3095313,1164786,11721468557,10895120648,100,100,100,100,2.37,2.05,0.28,0.3
92127,06,073,06073,39337,13748,58512372,57139789,39337,13748,58512372,57139789,3095313,1164786,11721468557,10895120648,100,100,100,100,1.27,1.18,0.5,0.52
92128,06,073,06073,47490,21265,28941850,28920353,47490,21265,28941850,28920353,3095313,1164786,11721468557,10895120648,100,100,100,100,1.53,1.83,0.25,0.27
92129,06,073,06073,51536,17439,36457658,36446661,51536,17439,36457658,36446661,3095313,1164786,11721468557,10895120648,100,100,100,100,1.66,1.5,0.31,0.33
92130,06,073,06073,48940,18272,47814802,47751334,48940,18272,47814802,47751334,3095313,1164786,11721468557,10895120648,100,100,100,100,1.58,1.57,0.41,0.44
92131,06,073,06073,32787,11832,65600464,65044859,32787,11832,65600464,65044859,3095313,1164786,11721468557,10895120648,100,100,100,100,1.06,1.02,0.56,0.6
92132,06,073,06073,0,0,88677,88677,0,0,88677,88677,3095313,1164786,11721468557,10895120648,0,0,100,100,0,0,0,0
92134,06,073,06073,198,13,479583,479583,198,13,479583,479583,3095313,1164786,11721468557,10895120648,100,100,100,100,0.01,0,0,0
92135,06,073,06073,571,0,1246194,1238371,571,0,1246194,1238371,3095313,1164786,11721468557,10895120648,100,0,100,100,0.02,0,0.01,0.01
92139,06,073,06073,35125,10629,9392108,9392108,35125,10629,9392108,9392108,3095313,1164786,11721468557,10895120648,100,100,100,100,1.13,0.91,0.08,0.09
92140,06,073,06073,3435,7,1736166,1654884,3435,7,1736166,1654884,3095313,1164786,11721468557,10895120648,100,100,100,100,0.11,0,0.01,0.02
92145,06,073,06073,1449,407,8673008,8673008,1449,407,8673008,8673008,3095313,1164786,11721468557,10895120648,100,100,100,100,0.05,0.03,0.07,0.08
92147,06,073,06073,559,1,249799,249799,559,1,249799,249799,3095313,1164786,11721468557,10895120648,100,100,100,100,0.02,0,0,0
92154,06,073,06073,79708,21206,97703995,95724135,79708,21206,97703995,95724135,3095313,1164786,11721468557,10895120648,100,100,100,100,2.58,1.82,0.83,0.88
92155,06,073,06073,550,0,576863,576863,550,0,576863,576863,3095313,1164786,11721468557,10895120648,100,0,100,100,0.02,0,0,0.01
92173,06,073,06073,29429,7870,13634617,13102503,29429,7870,13634617,13102503,3095313,1164786,11721468557,10895120648,100,100,100,100,0.95,0.68,0.12,0.12
92201,06,065,06065,61827,22207,58667257,58667257,61827,22207,58667257,58667257,2189641,800707,18915769995,18664696661,100,100,100,100,2.82,2.77,0.31,0.31
92203,06,065,06065,25605,11667,45348802,45348802,25605,11667,45348802,45348802,2189641,800707,18915769995,18664696661,100,100,100,100,1.17,1.46,0.24,0.24
92210,06,065,06065,4677,4830,34294366,33811381,4677,4830,34294366,33811381,2189641,800707,18915769995,18664696661,100,100,100,100,0.21,0.6,0.18,0.18
92211,06,065,06065,24294,19948,39351083,38994202,24294,19948,39351083,38994202,2189641,800707,18915769995,18664696661,100,100,100,100,1.11,2.49,0.21,0.21
92220,06,065,06065,31638,13061,321659435,321659435,31638,13061,321659435,321659435,2189641,800707,18915769995,18664696661,100,100,100,100,1.44,1.63,1.7,1.72
92222,06,025,06025,45,25,4094711,4094711,45,25,4094711,4094711,174528,56067,11607600466,10817352524,100,100,100,100,0.03,0.04,0.04,0.04
92223,06,065,06065,43605,15916,112349093,112349093,43605,15916,112349093,112349093,2189641,800707,18915769995,18664696661,100,100,100,100,1.99,1.99,0.59,0.6
92225,06,025,06025,21,49,7133471,7011934,24310,8288,1561506243,1551578846,174528,56067,11607600466,10817352524,0.09,0.59,0.46,0.45,0.01,0.09,0.06,0.06
92225,06,065,06065,24289,8239,1554372772,1544566912,24310,8288,1561506243,1551578846,2189641,800707,18915769995,18664696661,99.91,99.41,99.54,99.55,1.11,1.03,8.22,8.28
92227,06,025,06025,26234,8709,1437270831,1400818602,26234,8709,1437270831,1400818602,174528,56067,11607600466,10817352524,100,100,100,100,15.03,15.53,12.38,12.95
92230,06,065,06065,2550,938,39619253,39227350,2550,938,39619253,39227350,2189641,800707,18915769995,18664696661,100,100,100,100,0.12,0.12,0.21,0.21
92231,06,025,06025,39073,10826,147857937,147857937,39073,10826,147857937,147857937,174528,56067,11607600466,10817352524,100,100,100,100,22.39,19.31,1.27,1.37
92233,06,025,06025,8099,1270,580189683,390193486,8099,1270,580189683,390193486,174528,56067,11607600466,10817352524,100,100,100,100,4.64,2.27,5,3.61
92234,06,065,06065,51151,20958,41413525,40748005,51151,20958,41413525,40748005,2189641,800707,18915769995,18664696661,100,100,100,100,2.34,2.62,0.22,0.22
92236,06,065,06065,41083,9968,56675825,56675825,41083,9968,56675825,56675825,2189641,800707,18915769995,18664696661,100,100,100,100,1.88,1.24,0.3,0.3
92239,06,065,06065,223,171,371349379,371315907,223,171,371349379,371315907,2189641,800707,18915769995,18664696661,100,100,100,100,0.01,0.02,1.96,1.99
92240,06,065,06065,34722,14481,95615408,94744237,34722,14481,95615408,94744237,2189641,800707,18915769995,18664696661,100,100,100,100,1.59,1.81,0.51,0.51
92241,06,065,06065,8803,6283,357983824,357735466,8803,6283,357983824,357735466,2189641,800707,18915769995,18664696661,100,100,100,100,0.4,0.78,1.89,1.92
92242,06,071,06071,1539,1681,84060178,81078293,1539,1681,84060178,81078293,2035210,699637,52071257852,51947229509,100,100,100,100,0.08,0.24,0.16,0.16
92243,06,025,06025,48030,16217,285782229,285619001,48030,16217,285782229,285619001,174528,56067,11607600466,10817352524,100,100,100,100,27.52,28.92,2.46,2.64
92249,06,025,06025,7334,2006,55571652,55571652,7334,2006,55571652,55571652,174528,56067,11607600466,10817352524,100,100,100,100,4.2,3.58,0.48,0.51
92250,06,025,06025,8285,2828,1074815585,1074803683,8285,2828,1074815585,1074803683,174528,56067,11607600466,10817352524,100,100,100,100,4.75,5.04,9.26,9.94
92251,06,025,06025,21583,5572,516854205,516794503,21583,5572,516854205,516794503,174528,56067,11607600466,10817352524,100,100,100,100,12.37,9.94,4.45,4.78
92252,06,071,06071,9647,5343,232864515,232864515,9647,5343,232864515,232864515,2035210,699637,52071257852,51947229509,100,100,100,100,0.47,0.76,0.45,0.45
92253,06,065,06065,37262,23339,91707396,90562562,37262,23339,91707396,90562562,2189641,800707,18915769995,18664696661,100,100,100,100,1.7,2.91,0.48,0.49
92254,06,065,06065,12768,3093,126937367,120923509,12768,3093,126937367,120923509,2189641,800707,18915769995,18664696661,100,100,100,100,0.58,0.39,0.67,0.65
92256,06,071,06071,3588,2030,202140548,202140548,3588,2030,202140548,202140548,2035210,699637,52071257852,51947229509,100,100,100,100,0.18,0.29,0.39,0.39
92257,06,025,06025,2326,1832,2124236548,1926668603,2326,1832,2124236548,1926668603,174528,56067,11607600466,10817352524,100,100,100,100,1.33,3.27,18.3,17.81
92258,06,065,06065,861,483,27385636,27385636,861,483,27385636,27385636,2189641,800707,18915769995,18664696661,100,100,100,100,0.04,0.06,0.14,0.15
92259,06,025,06025,390,526,839509108,839509108,390,526,839509108,839509108,174528,56067,11607600466,10817352524,100,100,100,100,0.22,0.94,7.23,7.76
92260,06,065,06065,31753,22799,73941143,73550542,31753,22799,73941143,73550542,2189641,800707,18915769995,18664696661,100,100,100,100,1.45,2.85,0.39,0.39
92262,06,065,06065,26179,18306,95022254,94913381,26179,18306,95022254,94913381,2189641,800707,18915769995,18664696661,100,100,100,100,1.2,2.29,0.5,0.51
92264,06,065,06065,19383,17140,136002847,135416980,19383,17140,136002847,135416980,2189641,800707,18915769995,18664696661,100,100,100,100,0.89,2.14,0.72,0.73
92266,06,025,06025,234,293,845970832,844205809,234,293,845970832,844205809,174528,56067,11607600466,10817352524,100,100,100,100,0.13,0.52,7.29,7.8
92267,06,071,06071,126,144,45182854,42219456,126,144,45182854,42219456,2035210,699637,52071257852,51947229509,100,100,100,100,0.01,0.02,0.09,0.08
92268,06,071,06071,574,482,209375318,209375318,574,482,209375318,209375318,2035210,699637,52071257852,51947229509,100,100,100,100,0.03,0.07,0.4,0.4
92270,06,065,06065,17220,14244,70089231,69080773,17220,14244,70089231,69080773,2189641,800707,18915769995,18664696661,100,100,100,100,0.79,1.78,0.37,0.37
92273,06,025,06025,1823,583,18023410,18008987,1823,583,18023410,18008987,174528,56067,11607600466,10817352524,100,100,100,100,1.04,1.04,0.16,0.17
92274,06,025,06025,3950,1928,259284242,174774411,19801,5980,548090031,463283412,174528,56067,11607600466,10817352524,19.95,32.24,47.31,37.73,2.26,3.44,2.23,1.62
92274,06,065,06065,15851,4052,288805789,288509001,19801,5980,548090031,463283412,2189641,800707,18915769995,18664696661,80.05,67.76,52.69,62.27,0.72,0.51,1.53,1.55
92275,06,025,06025,1506,986,423149944,161556469,1506,986,423149944,161556469,174528,56067,11607600466,10817352524,100,100,100,100,0.86,1.76,3.65,1.49
92276,06,065,06065,7585,3552,75942945,75942945,7585,3552,75942945,75942945,2189641,800707,18915769995,18664696661,100,100,100,100,0.35,0.44,0.4,0.41
92277,06,065,06065,6,7,21870479,21870479,23911,11910,3613024451,3612971124,2189641,800707,18915769995,18664696661,0.03,0.06,0.61,0.61,0,0,0.12,0.12
92277,06,071,06071,23905,11903,3591153972,3591100645,23911,11910,3613024451,3612971124,2035210,699637,52071257852,51947229509,99.97,99.94,99.39,99.39,1.17,1.7,6.9,6.91
92278,06,071,06071,3846,141,2073334,2073334,3846,141,2073334,2073334,2035210,699637,52071257852,51947229509,100,100,100,100,0.19,0.02,0,0
92280,06,071,06071,14,17,430175691,430175691,14,17,430175691,430175691,2035210,699637,52071257852,51947229509,100,100,100,100,0,0,0.83,0.83
92281,06,025,06025,2432,746,36940498,36940498,2432,746,36940498,36940498,174528,56067,11607600466,10817352524,100,100,100,100,1.39,1.33,0.32,0.34
92282,06,065,06065,1239,607,189656965,184159720,1239,607,189656965,184159720,2189641,800707,18915769995,18664696661,100,100,100,100,0.06,0.08,1,0.99
92283,06,025,06025,3158,1649,1943967963,1925975513,3158,1649,1943967963,1925975513,174528,56067,11607600466,10817352524,100,100,100,100,1.81,2.94,16.75,17.8
92284,06,071,06071,25095,11943,285498917,285498917,25095,11943,285498917,285498917,2035210,699637,52071257852,51947229509,100,100,100,100,1.23,1.71,0.55,0.55
92285,06,071,06071,2632,2517,442938529,442938529,2632,2517,442938529,442938529,2035210,699637,52071257852,51947229509,100,100,100,100,0.13,0.36,0.85,0.85
92301,06,071,06071,32725,9470,441599761,441599761,32725,9470,441599761,441599761,2035210,699637,52071257852,51947229509,100,100,100,100,1.61,1.35,0.85,0.85
92304,06,071,06071,17,23,106622766,106622766,17,23,106622766,106622766,2035210,699637,52071257852,51947229509,100,100,100,100,0,0,0.2,0.21
92305,06,071,06071,535,629,258971564,258935678,535,629,258971564,258935678,2035210,699637,52071257852,51947229509,100,100,100,100,0.03,0.09,0.5,0.5
92307,06,071,06071,37630,14125,440434073,439979786,37630,14125,440434073,439979786,2035210,699637,52071257852,51947229509,100,100,100,100,1.85,2.02,0.85,0.85
92308,06,071,06071,39837,15613,242436886,241377618,39837,15613,242436886,241377618,2035210,699637,52071257852,51947229509,100,100,100,100,1.96,2.23,0.47,0.46
92309,06,071,06071,763,317,414966003,414966003,763,317,414966003,414966003,2035210,699637,52071257852,51947229509,100,100,100,100,0.04,0.05,0.8,0.8
92310,06,071,06071,8845,2487,7978142,7978142,8845,2487,7978142,7978142,2035210,699637,52071257852,51947229509,100,100,100,100,0.43,0.36,0.02,0.02
92311,06,071,06071,31894,13151,643323963,643300849,31894,13151,643323963,643300849,2035210,699637,52071257852,51947229509,100,100,100,100,1.57,1.88,1.24,1.24
92313,06,071,06071,12025,4645,9031618,9031618,12025,4645,9031618,9031618,2035210,699637,52071257852,51947229509,100,100,100,100,0.59,0.66,0.02,0.02
92314,06,071,06071,10162,9153,79870136,79825161,10162,9153,79870136,79825161,2035210,699637,52071257852,51947229509,100,100,100,100,0.5,1.31,0.15,0.15
92315,06,071,06071,5094,10066,33473232,32920520,5094,10066,33473232,32920520,2035210,699637,52071257852,51947229509,100,100,100,100,0.25,1.44,0.06,0.06
92316,06,071,06071,30830,7527,28485146,28471052,30830,7527,28485146,28471052,2035210,699637,52071257852,51947229509,100,100,100,100,1.51,1.08,0.05,0.05
92320,06,065,06065,7788,3654,27723531,27723531,7788,3654,27723531,27723531,2189641,800707,18915769995,18664696661,100,100,100,100,0.36,0.46,0.15,0.15
92321,06,071,06071,1522,1393,16972133,16848477,1522,1393,16972133,16848477,2035210,699637,52071257852,51947229509,100,100,100,100,0.07,0.2,0.03,0.03
92322,06,071,06071,1257,886,7748282,7748282,1257,886,7748282,7748282,2035210,699637,52071257852,51947229509,100,100,100,100,0.06,0.13,0.01,0.01
92324,06,065,06065,886,310,28245195,28245195,56505,17685,78280851,76425832,2189641,800707,18915769995,18664696661,1.57,1.75,36.08,36.96,0.04,0.04,0.15,0.15
92324,06,071,06071,55619,17375,50035656,48180637,56505,17685,78280851,76425832,2035210,699637,52071257852,51947229509,98.43,98.25,63.92,63.04,2.73,2.48,0.1,0.09
92325,06,071,06071,9391,6309,26496305,26133660,9391,6309,26496305,26133660,2035210,699637,52071257852,51947229509,100,100,100,100,0.46,0.9,0.05,0.05
92327,06,071,06071,632,369,73724216,73100942,632,369,73724216,73100942,2035210,699637,52071257852,51947229509,100,100,100,100,0.03,0.05,0.14,0.14
92328,06,027,06027,445,331,1828881348,1815795755,445,331,1828881348,1815795755,18546,9478,26487562274,26368354217,100,100,100,100,2.4,3.49,6.9,6.89
92332,06,071,06071,65,93,2317385871,2317385871,65,93,2317385871,2317385871,2035210,699637,52071257852,51947229509,100,100,100,100,0,0.01,4.45,4.46
92333,06,071,06071,472,992,10806936,10806936,472,992,10806936,10806936,2035210,699637,52071257852,51947229509,100,100,100,100,0.02,0.14,0.02,0.02
92335,06,071,06071,95397,24246,44947371,44875990,95397,24246,44947371,44875990,2035210,699637,52071257852,51947229509,100,100,100,100,4.69,3.47,0.09,0.09
92336,06,071,06071,88419,23271,64661745,64412146,88419,23271,64661745,64412146,2035210,699637,52071257852,51947229509,100,100,100,100,4.34,3.33,0.12,0.12
92337,06,071,06071,37849,9851,36072725,36072725,37849,9851,36072725,36072725,2035210,699637,52071257852,51947229509,100,100,100,100,1.86,1.41,0.07,0.07
92338,06,071,06071,12,5,625042067,625042067,12,5,625042067,625042067,2035210,699637,52071257852,51947229509,100,100,100,100,0,0,1.2,1.2
92339,06,071,06071,885,716,27378444,27378444,885,716,27378444,27378444,2035210,699637,52071257852,51947229509,100,100,100,100,0.04,0.1,0.05,0.05
92341,06,071,06071,410,1096,18343968,18302549,410,1096,18343968,18302549,2035210,699637,52071257852,51947229509,100,100,100,100,0.02,0.16,0.04,0.04
92342,06,071,06071,6379,3107,275089663,273172272,6379,3107,275089663,273172272,2035210,699637,52071257852,51947229509,100,100,100,100,0.31,0.44,0.53,0.53
92344,06,071,06071,20769,6421,99727163,99727163,20769,6421,99727163,99727163,2035210,699637,52071257852,51947229509,100,100,100,100,1.02,0.92,0.19,0.19
92345,06,071,06071,78715,25758,213039752,212434496,78715,25758,213039752,212434496,2035210,699637,52071257852,51947229509,100,100,100,100,3.87,3.68,0.41,0.41
92346,06,071,06071,54923,17999,66144171,65812826,54923,17999,66144171,65812826,2035210,699637,52071257852,51947229509,100,100,100,100,2.7,2.57,0.13,0.13
92347,06,071,06071,1692,790,380633301,379685444,1692,790,380633301,379685444,2035210,699637,52071257852,51947229509,100,100,100,100,0.08,0.11,0.73,0.73
92352,06,071,06071,8004,8544,28037236,24991240,8004,8544,28037236,24991240,2035210,699637,52071257852,51947229509,100,100,100,100,0.39,1.22,0.05,0.05
92354,06,071,06071,21559,8594,12644554,12642182,21559,8594,12644554,12642182,2035210,699637,52071257852,51947229509,100,100,100,100,1.06,1.23,0.02,0.02
92356,06,071,06071,6455,3494,1019909691,1019909691,6455,3494,1019909691,1019909691,2035210,699637,52071257852,51947229509,100,100,100,100,0.32,0.5,1.96,1.96
92358,06,071,06071,707,457,51241437,51241437,707,457,51241437,51241437,2035210,699637,52071257852,51947229509,100,100,100,100,0.03,0.07,0.1,0.1
92359,06,071,06071,8103,3058,44557727,43165372,8103,3058,44557727,43165372,2035210,699637,52071257852,51947229509,100,100,100,100,0.4,0.44,0.09,0.08
92363,06,071,06071,5321,3976,541287415,513292031,5321,3976,541287415,513292031,2035210,699637,52071257852,51947229509,100,100,100,100,0.26,0.57,1.04,0.99
92364,06,071,06071,90,100,1331683169,1331683169,90,100,1331683169,1331683169,2035210,699637,52071257852,51947229509,100,100,100,100,0,0.01,2.56,2.56
92365,06,071,06071,2637,1393,449604416,447096417,2637,1393,449604416,447096417,2035210,699637,52071257852,51947229509,100,100,100,100,0.13,0.2,0.86,0.86
92368,06,071,06071,1113,474,73466055,72307932,1113,474,73466055,72307932,2035210,699637,52071257852,51947229509,100,100,100,100,0.05,0.07,0.14,0.14
92371,06,071,06071,16763,6098,361914471,361914471,16763,6098,361914471,361914471,2035210,699637,52071257852,51947229509,100,100,100,100,0.82,0.87,0.7,0.7
92372,06,071,06071,6220,2571,72212111,72204588,6220,2571,72212111,72204588,2035210,699637,52071257852,51947229509,100,100,100,100,0.31,0.37,0.14,0.14
92373,06,065,06065,458,204,45472330,44808634,33423,14940,106048060,105384364,2189641,800707,18915769995,18664696661,1.37,1.37,42.88,42.52,0.02,0.03,0.24,0.24
92373,06,071,06071,32965,14736,60575730,60575730,33423,14940,106048060,105384364,2035210,699637,52071257852,51947229509,98.63,98.63,57.12,57.48,1.62,2.11,0.12,0.12
92374,06,071,06071,40267,13867,48504714,48497162,40267,13867,48504714,48497162,2035210,699637,52071257852,51947229509,100,100,100,100,1.98,1.98,0.09,0.09
92376,06,071,06071,81516,22370,35332376,35008397,81516,22370,35332376,35008397,2035210,699637,52071257852,51947229509,100,100,100,100,4.01,3.2,0.07,0.07
92377,06,071,06071,19989,5524,27087547,26446720,19989,5524,27087547,26446720,2035210,699637,52071257852,51947229509,100,100,100,100,0.98,0.79,0.05,0.05
92378,06,071,06071,183,80,2146364,2146364,183,80,2146364,2146364,2035210,699637,52071257852,51947229509,100,100,100,100,0.01,0.01,0,0
92382,06,071,06071,5268,4037,39068949,39045765,5268,4037,39068949,39045765,2035210,699637,52071257852,51947229509,100,100,100,100,0.26,0.58,0.08,0.08
92384,06,027,06027,36,37,362659806,362659188,36,37,362659806,362659188,18546,9478,26487562274,26368354217,100,100,100,100,0.19,0.39,1.37,1.38
92385,06,071,06071,313,328,21791945,21791945,313,328,21791945,21791945,2035210,699637,52071257852,51947229509,100,100,100,100,0.02,0.05,0.04,0.04
92386,06,071,06071,2270,3224,4965969,4965969,2270,3224,4965969,4965969,2035210,699637,52071257852,51947229509,100,100,100,100,0.11,0.46,0.01,0.01
92389,06,027,06027,156,162,356867736,356690499,156,162,356867736,356690499,18546,9478,26487562274,26368354217,100,100,100,100,0.84,1.71,1.35,1.35
92391,06,071,06071,2534,1674,6046158,6046158,2534,1674,6046158,6046158,2035210,699637,52071257852,51947229509,100,100,100,100,0.12,0.24,0.01,0.01
92392,06,071,06071,54858,17356,96672039,96672039,54858,17356,96672039,96672039,2035210,699637,52071257852,51947229509,100,100,100,100,2.7,2.48,0.19,0.19
92394,06,071,06071,33237,9051,71240879,70663589,33237,9051,71240879,70663589,2035210,699637,52071257852,51947229509,100,100,100,100,1.63,1.29,0.14,0.14
92395,06,071,06071,42400,15854,46165695,44293390,42400,15854,46165695,44293390,2035210,699637,52071257852,51947229509,100,100,100,100,2.08,2.27,0.09,0.09
92397,06,037,06037,71,31,86716,86716,4894,2857,26714191,26705522,9818605,3445076,12304882555,10509869649,1.45,1.09,0.32,0.32,0,0,0,0
92397,06,071,06071,4823,2826,26627475,26618806,4894,2857,26714191,26705522,2035210,699637,52071257852,51947229509,98.55,98.91,99.68,99.68,0.24,0.4,0.05,0.05
92398,06,071,06071,1379,679,73003546,72569713,1379,679,73003546,72569713,2035210,699637,52071257852,51947229509,100,100,100,100,0.07,0.1,0.14,0.14
92399,06,065,06065,651,220,2540934,2540934,52606,20048,137374246,137346775,2189641,800707,18915769995,18664696661,1.24,1.1,1.85,1.85,0.03,0.03,0.01,0.01
92399,06,071,06071,51955,19828,134833312,134805841,52606,20048,137374246,137346775,2035210,699637,52071257852,51947229509,98.76,98.9,98.15,98.15,2.55,2.83,0.26,0.26
92401,06,071,06071,1932,748,2239188,2239188,1932,748,2239188,2239188,2035210,699637,52071257852,51947229509,100,100,100,100,0.09,0.11,0,0
92404,06,071,06071,58271,19384,74025912,73988231,58271,19384,74025912,73988231,2035210,699637,52071257852,51947229509,100,100,100,100,2.86,2.77,0.14,0.14
92405,06,071,06071,28873,9604,12233017,12233017,28873,9604,12233017,12233017,2035210,699637,52071257852,51947229509,100,100,100,100,1.42,1.37,0.02,0.02
92407,06,071,06071,56689,16829,164741157,162888869,56689,16829,164741157,162888869,2035210,699637,52071257852,51947229509,100,100,100,100,2.79,2.41,0.32,0.31
92408,06,071,06071,15271,4324,27937440,27507391,15271,4324,27937440,27507391,2035210,699637,52071257852,51947229509,100,100,100,100,0.75,0.62,0.05,0.05
92410,06,071,06071,49410,14224,21354069,21289559,49410,14224,21354069,21289559,2035210,699637,52071257852,51947229509,100,100,100,100,2.43,2.03,0.04,0.04
92411,06,071,06071,26214,7127,10913928,10597441,26214,7127,10913928,10597441,2035210,699637,52071257852,51947229509,100,100,100,100,1.29,1.02,0.02,0.02
92501,06,065,06065,20970,7287,15468260,14766127,20970,7287,15468260,14766127,2189641,800707,18915769995,18664696661,100,100,100,100,0.96,0.91,0.08,0.08
92503,06,065,06065,84519,24754,88298414,77362953,84519,24754,88298414,77362953,2189641,800707,18915769995,18664696661,100,100,100,100,3.86,3.09,0.47,0.41
92504,06,065,06065,53778,17788,60768243,60620256,53778,17788,60768243,60620256,2189641,800707,18915769995,18664696661,100,100,100,100,2.46,2.22,0.32,0.32
92505,06,065,06065,47672,14573,32070815,31661219,47672,14573,32070815,31661219,2189641,800707,18915769995,18664696661,100,100,100,100,2.18,1.82,0.17,0.17
92506,06,065,06065,44001,16248,41957182,41957182,44001,16248,41957182,41957182,2189641,800707,18915769995,18664696661,100,100,100,100,2.01,2.03,0.22,0.22
92507,06,065,06065,58002,19834,52361283,52337394,58002,19834,52361283,52337394,2189641,800707,18915769995,18664696661,100,100,100,100,2.65,2.48,0.28,0.28
92508,06,065,06065,35000,10351,27793443,27793443,35000,10351,27793443,27793443,2189641,800707,18915769995,18664696661,100,100,100,100,1.6,1.29,0.15,0.15
92509,06,065,06065,75183,20505,80332935,79025685,75196,20512,81836577,80529327,2189641,800707,18915769995,18664696661,99.98,99.97,98.16,98.13,3.43,2.56,0.42,0.42
92509,06,071,06071,13,7,1503642,1503642,75196,20512,81836577,80529327,2035210,699637,52071257852,51947229509,0.02,0.03,1.84,1.87,0,0,0,0
92518,06,065,06065,1162,717,30849668,30849224,1162,717,30849668,30849224,2189641,800707,18915769995,18664696661,100,100,100,100,0.05,0.09,0.16,0.17
92530,06,059,06059,14,6,6357068,6357068,50216,16205,153893952,139541514,3010232,1048907,2455477898,2047561084,0.03,0.04,4.13,4.56,0,0,0.26,0.31
92530,06,065,06065,50202,16199,147536884,133184446,50216,16205,153893952,139541514,2189641,800707,18915769995,18664696661,99.97,99.96,95.87,95.44,2.29,2.02,0.78,0.71
92532,06,065,06065,18644,6049,46832969,46832969,18644,6049,46832969,46832969,2189641,800707,18915769995,18664696661,100,100,100,100,0.85,0.76,0.25,0.25
92536,06,065,06065,3810,2296,324405359,323128701,3810,2296,324405359,323128701,2189641,800707,18915769995,18664696661,100,100,100,100,0.17,0.29,1.71,1.73
92539,06,065,06065,4734,2442,340374638,340147198,4734,2442,340374638,340147198,2189641,800707,18915769995,18664696661,100,100,100,100,0.22,0.3,1.8,1.82
92543,06,065,06065,33555,14994,45758379,45758379,33555,14994,45758379,45758379,2189641,800707,18915769995,18664696661,100,100,100,100,1.53,1.87,0.24,0.25
92544,06,065,06065,44734,17221,352048304,351455494,44734,17221,352048304,351455494,2189641,800707,18915769995,18664696661,100,100,100,100,2.04,2.15,1.86,1.88
92545,06,065,06065,39457,17984,83213374,83213374,39457,17984,83213374,83213374,2189641,800707,18915769995,18664696661,100,100,100,100,1.8,2.25,0.44,0.45
92548,06,065,06065,6643,2518,25456124,25456124,6643,2518,25456124,25456124,2189641,800707,18915769995,18664696661,100,100,100,100,0.3,0.31,0.13,0.14
92549,06,065,06065,3926,4157,71211990,71185899,3926,4157,71211990,71185899,2189641,800707,18915769995,18664696661,100,100,100,100,0.18,0.52,0.38,0.38
92551,06,065,06065,30815,8114,15474687,15210033,30815,8114,15474687,15210033,2189641,800707,18915769995,18664696661,100,100,100,100,1.41,1.01,0.08,0.08
92553,06,065,06065,73722,20376,26238877,26238877,73722,20376,26238877,26238877,2189641,800707,18915769995,18664696661,100,100,100,100,3.37,2.54,0.14,0.14
92555,06,065,06065,39076,11763,217055366,208971685,39076,11763,217055366,208971685,2189641,800707,18915769995,18664696661,100,100,100,100,1.78,1.47,1.15,1.12
92557,06,065,06065,50320,15510,48843299,48702642,50320,15510,48843299,48702642,2189641,800707,18915769995,18664696661,100,100,100,100,2.3,1.94,0.26,0.26
92561,06,065,06065,1661,1275,411073755,409676848,1661,1275,411073755,409676848,2189641,800707,18915769995,18664696661,100,100,100,100,0.08,0.16,2.17,2.19
92562,06,065,06065,62079,22069,283386531,283317742,62079,22069,283386531,283317742,2189641,800707,18915769995,18664696661,100,100,100,100,2.84,2.76,1.5,1.52
92563,06,065,06065,53892,17192,52701563,52676576,53892,17192,52701563,52676576,2189641,800707,18915769995,18664696661,100,100,100,100,2.46,2.15,0.28,0.28
92567,06,065,06065,9459,2920,76781084,76382832,9459,2920,76781084,76382832,2189641,800707,18915769995,18664696661,100,100,100,100,0.43,0.36,0.41,0.41
92570,06,065,06065,53697,14903,252123721,252025051,53697,14903,252123721,252025051,2189641,800707,18915769995,18664696661,100,100,100,100,2.45,1.86,1.33,1.35
92571,06,065,06065,52516,13526,59149512,58425208,52516,13526,59149512,58425208,2189641,800707,18915769995,18664696661,100,100,100,100,2.4,1.69,0.31,0.31
92582,06,065,06065,15649,4661,48693758,47921059,15649,4661,48693758,47921059,2189641,800707,18915769995,18664696661,100,100,100,100,0.71,0.58,0.26,0.26
92583,06,065,06065,30236,11044,75227798,73685013,30236,11044,75227798,73685013,2189641,800707,18915769995,18664696661,100,100,100,100,1.38,1.38,0.4,0.39
92584,06,065,06065,43400,14553,77535752,77170383,43400,14553,77535752,77170383,2189641,800707,18915769995,18664696661,100,100,100,100,1.98,1.82,0.41,0.41
92585,06,065,06065,17797,5944,52585311,52585311,17797,5944,52585311,52585311,2189641,800707,18915769995,18664696661,100,100,100,100,0.81,0.74,0.28,0.28
92586,06,065,06065,19815,10638,18290589,18290589,19815,10638,18290589,18290589,2189641,800707,18915769995,18664696661,100,100,100,100,0.9,1.33,0.1,0.1
92587,06,065,06065,16675,6499,22396290,20467790,16675,6499,22396290,20467790,2189641,800707,18915769995,18664696661,100,100,100,100,0.76,0.81,0.12,0.11
92590,06,065,06065,3660,1464,138507634,138431957,3660,1464,138507634,138431957,2189641,800707,18915769995,18664696661,100,100,100,100,0.17,0.18,0.73,0.74
92591,06,065,06065,38272,13631,42661081,42661081,38272,13631,42661081,42661081,2189641,800707,18915769995,18664696661,100,100,100,100,1.75,1.7,0.23,0.23
92592,06,065,06065,72492,24146,255103396,251822673,72492,24146,255103396,251822673,2189641,800707,18915769995,18664696661,100,100,100,100,3.31,3.02,1.35,1.35
92595,06,065,06065,29851,10020,54537406,54537406,29851,10020,54537406,54537406,2189641,800707,18915769995,18664696661,100,100,100,100,1.36,1.25,0.29,0.29
92596,06,065,06065,23172,7131,158533549,158455663,23172,7131,158533549,158455663,2189641,800707,18915769995,18664696661,100,100,100,100,1.06,0.89,0.84,0.85
92602,06,059,06059,22871,8764,27189235,27046598,22871,8764,27189235,27046598,3010232,1048907,2455477898,2047561084,100,100,100,100,0.76,0.84,1.11,1.32
92603,06,059,06059,20184,7937,34377125,34324480,20184,7937,34377125,34324480,3010232,1048907,2455477898,2047561084,100,100,100,100,0.67,0.76,1.4,1.68
92604,06,059,06059,26853,10094,8879047,8737517,26853,10094,8879047,8737517,3010232,1048907,2455477898,2047561084,100,100,100,100,0.89,0.96,0.36,0.43
92606,06,059,06059,21495,8021,12581224,12556550,21495,8021,12581224,12556550,3010232,1048907,2455477898,2047561084,100,100,100,100,0.71,0.76,0.51,0.61
92610,06,059,06059,11248,3882,25392689,25392689,11248,3882,25392689,25392689,3010232,1048907,2455477898,2047561084,100,100,100,100,0.37,0.37,1.03,1.24
92612,06,059,06059,27522,13044,16089753,15748381,27522,13044,16089753,15748381,3010232,1048907,2455477898,2047561084,100,100,100,100,0.91,1.24,0.66,0.77
92614,06,059,06059,24748,9973,11568122,11448309,24748,9973,11568122,11448309,3010232,1048907,2455477898,2047561084,100,100,100,100,0.82,0.95,0.47,0.56
92617,06,059,06059,14044,3713,6226856,6226856,14044,3713,6226856,6226856,3010232,1048907,2455477898,2047561084,100,100,100,100,0.47,0.35,0.25,0.3
92618,06,059,06059,16366,8077,54927730,54826663,16366,8077,54927730,54826663,3010232,1048907,2455477898,2047561084,100,100,100,100,0.54,0.77,2.24,2.68
92620,06,059,06059,38486,14293,18330323,18235128,38486,14293,18330323,18235128,3010232,1048907,2455477898,2047561084,100,100,100,100,1.28,1.36,0.75,0.89
92624,06,059,06059,7248,3243,6698139,3557287,7248,3243,6698139,3557287,3010232,1048907,2455477898,2047561084,100,100,100,100,0.24,0.31,0.27,0.17
92625,06,059,06059,12478,6722,7479732,6612182,12478,6722,7479732,6612182,3010232,1048907,2455477898,2047561084,100,100,100,100,0.41,0.64,0.3,0.32
92626,06,059,06059,49341,19641,25167480,24922545,49341,19641,25167480,24922545,3010232,1048907,2455477898,2047561084,100,100,100,100,1.64,1.87,1.02,1.22
92627,06,059,06059,61510,22839,16557224,16443731,61510,22839,16557224,16443731,3010232,1048907,2455477898,2047561084,100,100,100,100,2.04,2.18,0.67,0.8
92629,06,059,06059,25756,12521,16070388,13192708,25756,12521,16070388,13192708,3010232,1048907,2455477898,2047561084,100,100,100,100,0.86,1.19,0.65,0.64
92630,06,059,06059,59182,20785,24891094,24667892,59182,20785,24891094,24667892,3010232,1048907,2455477898,2047561084,100,100,100,100,1.97,1.98,1.01,1.2
92637,06,059,06059,16012,12851,9106526,9075455,16012,12851,9106526,9075455,3010232,1048907,2455477898,2047561084,100,100,100,100,0.53,1.23,0.37,0.44
92646,06,059,06059,55224,21947,22902194,20839398,55224,21947,22902194,20839398,3010232,1048907,2455477898,2047561084,100,100,100,100,1.83,2.09,0.93,1.02
92647,06,059,06059,57245,20625,20117098,20070489,57245,20625,20117098,20070489,3010232,1048907,2455477898,2047561084,100,100,100,100,1.9,1.97,0.82,0.98
92648,06,059,06059,45317,20863,25979329,20791068,45317,20863,25979329,20791068,3010232,1048907,2455477898,2047561084,100,100,100,100,1.51,1.99,1.06,1.02
92649,06,059,06059,32463,14697,22756959,19811591,32463,14697,22756959,19811591,3010232,1048907,2455477898,2047561084,100,100,100,100,1.08,1.4,0.93,0.97
92651,06,059,06059,23881,13462,57614565,50409025,23881,13462,57614565,50409025,3010232,1048907,2455477898,2047561084,100,100,100,100,0.79,1.28,2.35,2.46
92653,06,059,06059,29291,10362,17407236,17343655,29291,10362,17407236,17343655,3010232,1048907,2455477898,2047561084,100,100,100,100,0.97,0.99,0.71,0.85
92655,06,059,06059,8337,2477,1633379,1633379,8337,2477,1633379,1633379,3010232,1048907,2455477898,2047561084,100,100,100,100,0.28,0.24,0.07,0.08
92656,06,059,06059,49046,19711,21310173,21310173,49046,19711,21310173,21310173,3010232,1048907,2455477898,2047561084,100,100,100,100,1.63,1.88,0.87,1.04
92657,06,059,06059,9741,4159,20862714,19093774,9741,4159,20862714,19093774,3010232,1048907,2455477898,2047561084,100,100,100,100,0.32,0.4,0.85,0.93
92660,06,059,06059,34797,16354,28085426,25272033,34797,16354,28085426,25272033,3010232,1048907,2455477898,2047561084,100,100,100,100,1.16,1.56,1.14,1.23
92661,06,059,06059,3744,2609,4946704,1686746,3744,2609,4946704,1686746,3010232,1048907,2455477898,2047561084,100,100,100,100,0.12,0.25,0.2,0.08
92662,06,059,06059,2756,2111,1058626,539407,2756,2111,1058626,539407,3010232,1048907,2455477898,2047561084,100,100,100,100,0.09,0.2,0.04,0.03
92663,06,059,06059,21649,12233,11896195,8551219,21649,12233,11896195,8551219,3010232,1048907,2455477898,2047561084,100,100,100,100,0.72,1.17,0.48,0.42
92672,06,059,06059,34194,15632,22868396,20526486,34464,15708,22956933,20615023,3010232,1048907,2455477898,2047561084,99.22,99.52,99.61,99.57,1.14,1.49,0.93,1
92672,06,073,06073,270,76,88537,88537,34464,15708,22956933,20615023,3095313,1164786,11721468557,10895120648,0.78,0.48,0.39,0.43,0.01,0.01,0,0
92673,06,059,06059,29309,10246,30274973,30253137,29309,10246,30274973,30253137,3010232,1048907,2455477898,2047561084,100,100,100,100,0.97,0.98,1.23,1.48
92675,06,059,06059,34731,12005,90214422,89237050,34731,12005,90214422,89237050,3010232,1048907,2455477898,2047561084,100,100,100,100,1.15,1.14,3.67,4.36
92676,06,059,06059,1945,861,173713959,171828234,1945,861,173713959,171828234,3010232,1048907,2455477898,2047561084,100,100,100,100,0.06,0.08,7.07,8.39
92677,06,059,06059,63297,25554,43380017,43246467,63297,25554,43380017,43246467,3010232,1048907,2455477898,2047561084,100,100,100,100,2.1,2.44,1.77,2.11
92678,06,059,06059,494,244,39048823,39043264,494,244,39048823,39043264,3010232,1048907,2455477898,2047561084,100,100,100,100,0.02,0.02,1.59,1.91
92679,06,059,06059,32611,10751,58636892,58572933,32611,10751,58636892,58572933,3010232,1048907,2455477898,2047561084,100,100,100,100,1.08,1.02,2.39,2.86
92683,06,059,06059,89747,27713,25897934,25897934,89747,27713,25897934,25897934,3010232,1048907,2455477898,2047561084,100,100,100,100,2.98,2.64,1.05,1.26
92688,06,059,06059,43792,16120,28329320,28225740,43792,16120,28329320,28225740,3010232,1048907,2455477898,2047561084,100,100,100,100,1.45,1.54,1.15,1.38
92691,06,059,06059,47582,16702,22921784,22802974,47582,16702,22921784,22802974,3010232,1048907,2455477898,2047561084,100,100,100,100,1.58,1.59,0.93,1.11
92692,06,059,06059,47222,18109,26371813,25517069,47222,18109,26371813,25517069,3010232,1048907,2455477898,2047561084,100,100,100,100,1.57,1.73,1.07,1.25
92694,06,059,06059,21944,6933,24593751,24593751,21944,6933,24593751,24593751,3010232,1048907,2455477898,2047561084,100,100,100,100,0.73,0.66,1,1.2
92701,06,059,06059,53908,13175,8469146,8469146,53908,13175,8469146,8469146,3010232,1048907,2455477898,2047561084,100,100,100,100,1.79,1.26,0.34,0.41
92703,06,059,06059,65445,13177,10699221,10569906,65445,13177,10699221,10569906,3010232,1048907,2455477898,2047561084,100,100,100,100,2.17,1.26,0.44,0.52
92704,06,059,06059,88123,20468,19517906,19149819,88123,20468,19517906,19149819,3010232,1048907,2455477898,2047561084,100,100,100,100,2.93,1.95,0.79,0.94
92705,06,059,06059,44706,15095,29931335,29931335,44706,15095,29931335,29931335,3010232,1048907,2455477898,2047561084,100,100,100,100,1.49,1.44,1.22,1.46
92706,06,059,06059,36457,9687,9136131,8826364,36457,9687,9136131,8826364,3010232,1048907,2455477898,2047561084,100,100,100,100,1.21,0.92,0.37,0.43
92707,06,059,06059,59492,13564,13040057,13022655,59492,13564,13040057,13022655,3010232,1048907,2455477898,2047561084,100,100,100,100,1.98,1.29,0.53,0.64
92708,06,059,06059,56004,19391,23700025,23468328,56004,19391,23700025,23468328,3010232,1048907,2455477898,2047561084,100,100,100,100,1.86,1.85,0.97,1.15
92780,06,059,06059,57741,19516,18109171,18109171,57741,19516,18109171,18109171,3010232,1048907,2455477898,2047561084,100,100,100,100,1.92,1.86,0.74,0.88
92782,06,059,06059,23032,8881,8710317,8710317,23032,8881,8710317,8710317,3010232,1048907,2455477898,2047561084,100,100,100,100,0.77,0.85,0.35,0.43
92801,06,059,06059,62068,18604,16328273,16284681,62068,18604,16328273,16284681,3010232,1048907,2455477898,2047561084,100,100,100,100,2.06,1.77,0.66,0.8
92802,06,059,06059,42709,12321,11771914,11771914,42709,12321,11771914,11771914,3010232,1048907,2455477898,2047561084,100,100,100,100,1.42,1.17,0.48,0.57
92804,06,059,06059,85914,25717,18142648,18142648,85914,25717,18142648,18142648,3010232,1048907,2455477898,2047561084,100,100,100,100,2.85,2.45,0.74,0.89
92805,06,059,06059,70401,18804,16373295,16327878,70401,18804,16373295,16327878,3010232,1048907,2455477898,2047561084,100,100,100,100,2.34,1.79,0.67,0.8
92806,06,059,06059,37173,12844,20890661,20014403,37173,12844,20890661,20014403,3010232,1048907,2455477898,2047561084,100,100,100,100,1.23,1.22,0.85,0.98
92807,06,059,06059,36171,12893,29377783,27750531,36171,12893,29377783,27750531,3010232,1048907,2455477898,2047561084,100,100,100,100,1.2,1.23,1.2,1.36
92808,06,059,06059,20039,7538,13163092,13163092,20039,7538,13163092,13163092,3010232,1048907,2455477898,2047561084,100,100,100,100,0.67,0.72,0.54,0.64
92821,06,059,06059,35533,13551,27342989,27296225,35533,13551,27342989,27296225,3010232,1048907,2455477898,2047561084,100,100,100,100,1.18,1.29,1.11,1.33
92823,06,059,06059,3613,1182,28180499,28155266,3613,1182,28180499,28155266,3010232,1048907,2455477898,2047561084,100,100,100,100,0.12,0.11,1.15,1.38
92831,06,059,06059,34204,13409,15476120,15476120,34204,13409,15476120,15476120,3010232,1048907,2455477898,2047561084,100,100,100,100,1.14,1.28,0.63,0.76
92832,06,059,06059,24752,8460,7288246,7288246,24752,8460,7288246,7288246,3010232,1048907,2455477898,2047561084,100,100,100,100,0.82,0.81,0.3,0.36
92833,06,059,06059,51767,16562,18919733,18919733,51767,16562,18919733,18919733,3010232,1048907,2455477898,2047561084,100,100,100,100,1.72,1.58,0.77,0.92
92835,06,059,06059,24010,9140,15634473,15606410,24010,9140,15634473,15606410,3010232,1048907,2455477898,2047561084,100,100,100,100,0.8,0.87,0.64,0.76
92840,06,059,06059,54083,15338,13519070,13473180,54083,15338,13519070,13473180,3010232,1048907,2455477898,2047561084,100,100,100,100,1.8,1.46,0.55,0.66
92841,06,059,06059,32845,9451,11606226,11606226,32845,9451,11606226,11606226,3010232,1048907,2455477898,2047561084,100,100,100,100,1.09,0.9,0.47,0.57
92843,06,059,06059,45214,11265,10117601,10117601,45214,11265,10117601,10117601,3010232,1048907,2455477898,2047561084,100,100,100,100,1.5,1.07,0.41,0.49
92844,06,059,06059,24307,6749,5506328,5506328,24307,6749,5506328,5506328,3010232,1048907,2455477898,2047561084,100,100,100,100,0.81,0.64,0.22,0.27
92845,06,059,06059,16333,5751,5668299,5668299,16333,5751,5668299,5668299,3010232,1048907,2455477898,2047561084,100,100,100,100,0.54,0.55,0.23,0.28
92860,06,065,06065,27198,7360,37002666,36207819,27198,7360,37002666,36207819,2189641,800707,18915769995,18664696661,100,100,100,100,1.24,0.92,0.2,0.19
92861,06,059,06059,5781,2006,5506878,5506878,5781,2006,5506878,5506878,3010232,1048907,2455477898,2047561084,100,100,100,100,0.19,0.19,0.22,0.27
92865,06,059,06059,19704,6659,9859712,9479343,19704,6659,9859712,9479343,3010232,1048907,2455477898,2047561084,100,100,100,100,0.65,0.63,0.4,0.46
92866,06,059,06059,14885,6048,5003355,5003355,14885,6048,5003355,5003355,3010232,1048907,2455477898,2047561084,100,100,100,100,0.49,0.58,0.2,0.24
92867,06,059,06059,44515,13628,20689401,20560190,44515,13628,20689401,20560190,3010232,1048907,2455477898,2047561084,100,100,100,100,1.48,1.3,0.84,1
92868,06,059,06059,25404,8125,8636674,8374032,25404,8125,8636674,8374032,3010232,1048907,2455477898,2047561084,100,100,100,100,0.84,0.77,0.35,0.41
92869,06,059,06059,37184,11995,24561734,24068243,37184,11995,24561734,24068243,3010232,1048907,2455477898,2047561084,100,100,100,100,1.24,1.14,1,1.18
92870,06,059,06059,52033,17493,17627650,17590269,52033,17493,17627650,17590269,3010232,1048907,2455477898,2047561084,100,100,100,100,1.73,1.67,0.72,0.86
92879,06,065,06065,46745,14380,26043860,26018525,46745,14380,26043860,26018525,2189641,800707,18915769995,18664696661,100,100,100,100,2.13,1.8,0.14,0.14
92880,06,065,06065,58728,16341,62979057,61233093,58763,16355,65686884,63940920,2189641,800707,18915769995,18664696661,99.94,99.91,95.88,95.77,2.68,2.04,0.33,0.33
92880,06,071,06071,35,14,2707827,2707827,58763,16355,65686884,63940920,2035210,699637,52071257852,51947229509,0.06,0.09,4.12,4.23,0,0,0.01,0.01
92881,06,065,06065,30991,9311,72279517,71691421,30991,9311,72279517,71691421,2189641,800707,18915769995,18664696661,100,100,100,100,1.42,1.16,0.38,0.38
92882,06,065,06065,67917,20452,66727635,66692923,67917,20452,66727635,66692923,2189641,800707,18915769995,18664696661,100,100,100,100,3.1,2.55,0.35,0.36
92883,06,065,06065,29301,9738,144399131,144241811,29301,9738,144399131,144241811,2189641,800707,18915769995,18664696661,100,100,100,100,1.34,1.22,0.76,0.77
92886,06,059,06059,46564,16255,38214728,38143710,46564,16255,38214728,38143710,3010232,1048907,2455477898,2047561084,100,100,100,100,1.55,1.55,1.56,1.86
92887,06,059,06059,20006,6926,24734811,23281753,20006,6926,24734811,23281753,3010232,1048907,2455477898,2047561084,100,100,100,100,0.66,0.66,1.01,1.14
93001,06,083,06083,7,16,390751642,250343270,32990,14290,694107789,531955559,423895,152834,9813667387,7083838022,0.02,0.11,56.3,47.06,0,0.01,3.98,3.53
93001,06,111,06111,32983,14274,303356147,281612289,32990,14290,694107789,531955559,823318,281695,5719683515,4773691889,99.98,99.89,43.7,52.94,4.01,5.07,5.3,5.9
93003,06,111,06111,50474,20116,53554055,53297200,50474,20116,53554055,53297200,823318,281695,5719683515,4773691889,100,100,100,100,6.13,7.14,0.94,1.12
93004,06,111,06111,29149,10866,18796578,17783920,29149,10866,18796578,17783920,823318,281695,5719683515,4773691889,100,100,100,100,3.54,3.86,0.33,0.37
93010,06,111,06111,42901,16499,57382219,57342588,42901,16499,57382219,57342588,823318,281695,5719683515,4773691889,100,100,100,100,5.21,5.86,1,1.2
93012,06,111,06111,34617,13559,136089718,135616852,34617,13559,136089718,135616852,823318,281695,5719683515,4773691889,100,100,100,100,4.2,4.81,2.38,2.84
93013,06,083,06083,16004,6811,125578533,124780746,16091,6856,148339947,147483369,423895,152834,9813667387,7083838022,99.46,99.34,84.66,84.61,3.78,4.46,1.28,1.76
93013,06,111,06111,87,45,22761414,22702623,16091,6856,148339947,147483369,823318,281695,5719683515,4773691889,0.54,0.66,15.34,15.39,0.01,0.02,0.4,0.48
93015,06,111,06111,17334,5147,199482350,198297439,17334,5147,199482350,198297439,823318,281695,5719683515,4773691889,100,100,100,100,2.11,1.83,3.49,4.15
93021,06,111,06111,36422,11393,123377714,122331194,36422,11393,123377714,122331194,823318,281695,5719683515,4773691889,100,100,100,100,4.42,4.04,2.16,2.56
93022,06,111,06111,6106,2369,11986007,11965557,6106,2369,11986007,11965557,823318,281695,5719683515,4773691889,100,100,100,100,0.74,0.84,0.21,0.25
93023,06,111,06111,20589,9096,700833990,698122037,20589,9096,700833990,698122037,823318,281695,5719683515,4773691889,100,100,100,100,2.5,3.23,12.25,14.62
93030,06,111,06111,59372,15395,35912814,35912814,59372,15395,35912814,35912814,823318,281695,5719683515,4773691889,100,100,100,100,7.21,5.47,0.63,0.75
93033,06,111,06111,82728,17696,76303459,75962345,82728,17696,76303459,75962345,823318,281695,5719683515,4773691889,100,100,100,100,10.05,6.28,1.33,1.59
93035,06,111,06111,27732,11848,12707601,10643950,27732,11848,12707601,10643950,823318,281695,5719683515,4773691889,100,100,100,100,3.37,4.21,0.22,0.22
93036,06,111,06111,41691,12185,43339406,41146263,41691,12185,43339406,41146263,823318,281695,5719683515,4773691889,100,100,100,100,5.06,4.33,0.76,0.86
93040,06,111,06111,2031,575,187881183,182830429,2031,575,187881183,182830429,823318,281695,5719683515,4773691889,100,100,100,100,0.25,0.2,3.28,3.83
93041,06,111,06111,23641,8824,33536491,29109041,23641,8824,33536491,29109041,823318,281695,5719683515,4773691889,100,100,100,100,2.87,3.13,0.59,0.61
93042,06,111,06111,56,1,67425982,58634149,56,1,67425982,58634149,823318,281695,5719683515,4773691889,100,100,100,100,0.01,0,1.18,1.23
93043,06,111,06111,333,17,1247670,1247670,333,17,1247670,1247670,823318,281695,5719683515,4773691889,100,100,100,100,0.04,0.01,0.02,0.03
93060,06,111,06111,32811,9848,311104584,308235662,32811,9848,311104584,308235662,823318,281695,5719683515,4773691889,100,100,100,100,3.99,3.5,5.44,6.46
93063,06,111,06111,54366,19234,85714790,85340849,54366,19234,85714790,85340849,823318,281695,5719683515,4773691889,100,100,100,100,6.6,6.83,1.5,1.79
93064,06,111,06111,40,18,14687257,14687257,40,18,14687257,14687257,823318,281695,5719683515,4773691889,100,100,100,100,0,0.01,0.26,0.31
93065,06,111,06111,72508,24282,84470391,81956189,72508,24282,84470391,81956189,823318,281695,5719683515,4773691889,100,100,100,100,8.81,8.62,1.48,1.72
93066,06,111,06111,3102,1086,107680724,107679728,3102,1086,107680724,107679728,823318,281695,5719683515,4773691889,100,100,100,100,0.38,0.39,1.88,2.26
93067,06,083,06083,895,507,1526376,1526376,895,507,1526376,1526376,423895,152834,9813667387,7083838022,100,100,100,100,0.21,0.33,0.02,0.02
93101,06,083,06083,31683,13317,8883521,8883521,31683,13317,8883521,8883521,423895,152834,9813667387,7083838022,100,100,100,100,7.47,8.71,0.09,0.13
93103,06,083,06083,20249,7669,13917786,13567127,20249,7669,13917786,13567127,423895,152834,9813667387,7083838022,100,100,100,100,4.78,5.02,0.14,0.19
93105,06,083,06083,24815,11610,258256840,251547025,24815,11610,258256840,251547025,423895,152834,9813667387,7083838022,100,100,100,100,5.85,7.6,2.63,3.55
93108,06,083,06083,11112,5398,55193360,54910962,11112,5398,55193360,54910962,423895,152834,9813667387,7083838022,100,100,100,100,2.62,3.53,0.56,0.78
93109,06,083,06083,10858,4888,9770409,8760774,10858,4888,9770409,8760774,423895,152834,9813667387,7083838022,100,100,100,100,2.56,3.2,0.1,0.12
93110,06,083,06083,16829,6679,27630974,27313594,16829,6679,27630974,27313594,423895,152834,9813667387,7083838022,100,100,100,100,3.97,4.37,0.28,0.39
93111,06,083,06083,17370,6570,21334126,21004190,17370,6570,21334126,21004190,423895,152834,9813667387,7083838022,100,100,100,100,4.1,4.3,0.22,0.3
93117,06,083,06083,53217,16470,445488083,440495381,53217,16470,445488083,440495381,423895,152834,9813667387,7083838022,100,100,100,100,12.55,10.78,4.54,6.22
93201,06,031,06031,5,2,26563395,26563395,1348,363,200527186,200498836,152982,43867,3604050863,3598582308,0.37,0.55,13.25,13.25,0,0,0.74,0.74
93201,06,107,06107,1343,361,173963791,173935441,1348,363,200527186,200498836,442179,141696,12532049785,12494658169,99.63,99.45,86.75,86.75,0.3,0.25,1.39,1.39
93202,06,031,06031,4143,1184,2008663,2008663,4143,1184,2008663,2008663,152982,43867,3604050863,3598582308,100,100,100,100,2.71,2.7,0.06,0.06
93203,06,029,06029,20938,5013,556450763,556194489,20938,5013,556450763,556194489,839631,284367,21141142333,21061565098,100,100,100,100,2.49,1.76,2.63,2.64
93204,06,031,06031,15529,2421,154419550,154419550,15529,2421,154419550,154419550,152982,43867,3604050863,3598582308,100,100,100,100,10.15,5.52,4.28,4.29
93205,06,029,06029,2113,1280,149223819,149169002,2113,1280,149223819,149169002,839631,284367,21141142333,21061565098,100,100,100,100,0.25,0.45,0.71,0.71
93206,06,029,06029,2300,656,387861787,387297231,2300,656,387861787,387297231,839631,284367,21141142333,21061565098,100,100,100,100,0.27,0.23,1.83,1.84
93207,06,107,06107,263,423,150386334,150386334,263,423,150386334,150386334,442179,141696,12532049785,12494658169,100,100,100,100,0.06,0.3,1.2,1.2
93208,06,107,06107,104,527,152694931,152694931,104,527,152694931,152694931,442179,141696,12532049785,12494658169,100,100,100,100,0.02,0.37,1.22,1.22
93210,06,019,06019,19439,4805,1835176962,1834500147,19504,4836,1999636824,1998867967,930450,315531,15568942406,15431126407,99.67,99.36,91.78,91.78,2.09,1.52,11.79,11.89
93210,06,053,06053,57,25,85534584,85442542,19504,4836,1999636824,1998867967,415057,139048,9767417220,8496702738,0.29,0.52,4.28,4.27,0.01,0.02,0.88,1.01
93210,06,069,06069,8,6,78925278,78925278,19504,4836,1999636824,1998867967,55269,17870,3601297341,3596742302,0.04,0.12,3.95,3.95,0.01,0.03,2.19,2.19
93212,06,031,06031,25924,4312,126714970,126714970,26079,4355,274749153,274749153,152982,43867,3604050863,3598582308,99.41,99.01,46.12,46.12,16.95,9.83,3.52,3.52
93212,06,107,06107,155,43,148034183,148034183,26079,4355,274749153,274749153,442179,141696,12532049785,12494658169,0.59,0.99,53.88,53.88,0.04,0.03,1.18,1.18
93215,06,029,06029,54972,11206,231305493,229526441,55659,11410,369266465,367487413,839631,284367,21141142333,21061565098,98.77,98.21,62.64,62.46,6.55,3.94,1.09,1.09
93215,06,107,06107,687,204,137960972,137960972,55659,11410,369266465,367487413,442179,141696,12532049785,12494658169,1.23,1.79,37.36,37.54,0.16,0.14,1.1,1.1
93218,06,107,06107,994,281,166925891,166925891,994,281,166925891,166925891,442179,141696,12532049785,12494658169,100,100,100,100,0.22,0.2,1.33,1.34
93219,06,107,06107,10194,2534,252296371,252029668,10194,2534,252296371,252029668,442179,141696,12532049785,12494658169,100,100,100,100,2.31,1.79,2.01,2.02
93220,06,029,06029,211,69,68287162,68285734,211,69,68287162,68285734,839631,284367,21141142333,21061565098,100,100,100,100,0.03,0.02,0.32,0.32
93221,06,107,06107,14945,5282,340975687,340975687,14945,5282,340975687,340975687,442179,141696,12532049785,12494658169,100,100,100,100,3.38,3.73,2.72,2.73
93222,06,029,06029,2099,2033,74471992,74455074,2099,2033,74471992,74455074,839631,284367,21141142333,21061565098,100,100,100,100,0.25,0.71,0.35,0.35
93223,06,107,06107,10604,2733,6399814,6399814,10604,2733,6399814,6399814,442179,141696,12532049785,12494658169,100,100,100,100,2.4,1.93,0.05,0.05
93224,06,029,06029,451,198,57916235,57916235,451,198,57916235,57916235,839631,284367,21141142333,21061565098,100,100,100,100,0.05,0.07,0.27,0.27
93225,06,029,06029,4742,2403,139898594,139861868,5077,2658,459092443,458972389,839631,284367,21141142333,21061565098,93.4,90.41,30.47,30.47,0.56,0.85,0.66,0.66
93225,06,111,06111,335,255,319193849,319110521,5077,2658,459092443,458972389,823318,281695,5719683515,4773691889,6.6,9.59,69.53,69.53,0.04,0.09,5.58,6.68
93226,06,029,06029,282,182,242670035,242441859,282,182,242670035,242441859,839631,284367,21141142333,21061565098,100,100,100,100,0.03,0.06,1.15,1.15
93230,06,031,06031,65264,22331,680540967,678071973,65264,22331,680540967,678071973,152982,43867,3604050863,3598582308,100,100,100,100,42.66,50.91,18.88,18.84
93234,06,019,06019,6987,1693,207601865,207601865,6987,1693,207601865,207601865,930450,315531,15568942406,15431126407,100,100,100,100,0.75,0.54,1.33,1.35
93235,06,107,06107,4559,1237,7462347,7462347,4559,1237,7462347,7462347,442179,141696,12532049785,12494658169,100,100,100,100,1.03,0.87,0.06,0.06
93238,06,029,06029,1485,1144,170135620,159083108,1490,1177,338888870,327836358,839631,284367,21141142333,21061565098,99.66,97.2,50.2,48.53,0.18,0.4,0.8,0.76
93238,06,107,06107,5,33,168753250,168753250,1490,1177,338888870,327836358,442179,141696,12532049785,12494658169,0.34,2.8,49.8,51.47,0,0.02,1.35,1.35
93239,06,031,06031,1688,443,166157069,165572238,1688,443,166157069,165572238,152982,43867,3604050863,3598582308,100,100,100,100,1.1,1.01,4.61,4.6
93240,06,029,06029,6056,3574,209684286,193725770,6056,3574,209684286,193725770,839631,284367,21141142333,21061565098,100,100,100,100,0.72,1.26,0.99,0.92
93241,06,029,06029,17489,4202,10694181,10682633,17489,4202,10694181,10682633,839631,284367,21141142333,21061565098,100,100,100,100,2.08,1.48,0.05,0.05
93242,06,019,06019,3180,944,87760887,87760887,3468,1058,106379654,106379654,930450,315531,15568942406,15431126407,91.7,89.22,82.5,82.5,0.34,0.3,0.56,0.57
93242,06,031,06031,288,114,18618767,18618767,3468,1058,106379654,106379654,152982,43867,3604050863,3598582308,8.3,10.78,17.5,17.5,0.19,0.26,0.52,0.52
93243,06,029,06029,1566,645,111848327,110831918,1699,713,396799753,389376655,839631,284367,21141142333,21061565098,92.17,90.46,28.19,28.46,0.19,0.23,0.53,0.53
93243,06,037,06037,133,68,284951426,278544737,1699,713,396799753,389376655,9818605,3445076,12304882555,10509869649,7.83,9.54,71.81,71.54,0,0,2.32,2.65
93244,06,107,06107,534,250,176373378,176196991,534,250,176373378,176196991,442179,141696,12532049785,12494658169,100,100,100,100,0.12,0.18,1.41,1.41
93245,06,031,06031,37412,12232,305448091,305247504,37412,12232,305448091,305247504,152982,43867,3604050863,3598582308,100,100,100,100,24.46,27.88,8.48,8.48
93247,06,107,06107,17423,4870,196059301,196035524,17423,4870,196059301,196035524,442179,141696,12532049785,12494658169,100,100,100,100,3.94,3.44,1.56,1.57
93249,06,029,06029,2739,560,579266993,577893652,2739,560,579266993,577893652,839631,284367,21141142333,21061565098,100,100,100,100,0.33,0.2,2.74,2.74
93250,06,029,06029,13522,2924,219088513,219045841,13522,2924,219088513,219045841,839631,284367,21141142333,21061565098,100,100,100,100,1.61,1.03,1.04,1.04
93251,06,029,06029,270,99,346577918,346577918,270,99,346577918,346577918,839631,284367,21141142333,21061565098,100,100,100,100,0.03,0.03,1.64,1.65
93252,06,029,06029,3724,571,117629130,117233983,4176,876,1776275760,1759948921,839631,284367,21141142333,21061565098,89.18,65.18,6.62,6.66,0.44,0.2,0.56,0.56
93252,06,079,06079,105,31,90303676,88663202,4176,876,1776275760,1759948921,269637,117315,9364223107,8543248461,2.51,3.54,5.08,5.04,0.04,0.03,0.96,1.04
93252,06,083,06083,228,128,217210154,207447836,4176,876,1776275760,1759948921,423895,152834,9813667387,7083838022,5.46,14.61,12.23,11.79,0.05,0.08,2.21,2.93
93252,06,111,06111,119,146,1351132800,1346603900,4176,876,1776275760,1759948921,823318,281695,5719683515,4773691889,2.85,16.67,76.07,76.51,0.01,0.05,23.62,28.21
93254,06,079,06079,24,7,11635647,10814036,811,402,356191134,353715158,269637,117315,9364223107,8543248461,2.96,1.74,3.27,3.06,0.01,0.01,0.12,0.13
93254,06,083,06083,787,395,344555487,342901122,811,402,356191134,353715158,423895,152834,9813667387,7083838022,97.04,98.26,96.73,96.94,0.19,0.26,3.51,4.84
93255,06,029,06029,614,409,560850008,560731083,614,409,560850008,560731083,839631,284367,21141142333,21061565098,100,100,100,100,0.07,0.14,2.65,2.66
93256,06,107,06107,5753,1573,206958316,206901726,5753,1573,206958316,206901726,442179,141696,12532049785,12494658169,100,100,100,100,1.3,1.11,1.65,1.66
93257,06,107,06107,75004,22985,1163372585,1152544483,75004,22985,1163372585,1152544483,442179,141696,12532049785,12494658169,100,100,100,100,16.96,16.22,9.28,9.22
93258,06,107,06107,2046,484,1120563,1120563,2046,484,1120563,1120563,442179,141696,12532049785,12494658169,100,100,100,100,0.46,0.34,0.01,0.01
93260,06,107,06107,200,490,85266177,85266177,200,490,85266177,85266177,442179,141696,12532049785,12494658169,100,100,100,100,0.05,0.35,0.68,0.68
93261,06,107,06107,3099,666,21990002,21990002,3099,666,21990002,21990002,442179,141696,12532049785,12494658169,100,100,100,100,0.7,0.47,0.18,0.18
93262,06,107,06107,63,33,232890072,232048489,63,33,232890072,232048489,442179,141696,12532049785,12494658169,100,100,100,100,0.01,0.02,1.86,1.86
93263,06,029,06029,19582,5305,234665277,234665277,19582,5305,234665277,234665277,839631,284367,21141142333,21061565098,100,100,100,100,2.33,1.87,1.11,1.11
93265,06,107,06107,3699,2068,969344395,968901189,3699,2068,969344395,968901189,442179,141696,12532049785,12494658169,100,100,100,100,0.84,1.46,7.73,7.75
93266,06,031,06031,1587,436,144335293,144335293,1587,436,144335293,144335293,152982,43867,3604050863,3598582308,100,100,100,100,1.04,0.99,4,4.01
93267,06,107,06107,6237,1756,194731989,194698069,6237,1756,194731989,194698069,442179,141696,12532049785,12494658169,100,100,100,100,1.41,1.24,1.55,1.56
93268,06,029,06029,16897,6040,108640459,108640459,16897,6040,108640459,108640459,839631,284367,21141142333,21061565098,100,100,100,100,2.01,2.12,0.51,0.52
93270,06,107,06107,5837,1677,160064387,160064387,5837,1677,160064387,160064387,442179,141696,12532049785,12494658169,100,100,100,100,1.32,1.18,1.28,1.28
93271,06,107,06107,2276,1464,992111605,983444922,2276,1464,992111605,983444922,442179,141696,12532049785,12494658169,100,100,100,100,0.51,1.03,7.92,7.87
93272,06,107,06107,3583,979,216945035,216931322,3583,979,216945035,216931322,442179,141696,12532049785,12494658169,100,100,100,100,0.81,0.69,1.73,1.74
93274,06,107,06107,69721,22004,555919812,554430884,69721,22004,555919812,554430884,442179,141696,12532049785,12494658169,100,100,100,100,15.77,15.53,4.44,4.44
93276,06,029,06029,161,73,1774193,1774193,161,73,1774193,1774193,839631,284367,21141142333,21061565098,100,100,100,100,0.02,0.03,0.01,0.01
93277,06,107,06107,50607,19634,103829473,103536763,50607,19634,103829473,103536763,442179,141696,12532049785,12494658169,100,100,100,100,11.44,13.86,0.83,0.83
93280,06,029,06029,27152,6012,834227618,834129119,27152,6012,834227618,834129119,839631,284367,21141142333,21061565098,100,100,100,100,3.23,2.11,3.95,3.96
93283,06,029,06029,2040,1303,530600603,529101795,2040,1303,530600603,529101795,839631,284367,21141142333,21061565098,100,100,100,100,0.24,0.46,2.51,2.51
93285,06,029,06029,2536,2561,129245018,122156204,2536,2561,129245018,122156204,839631,284367,21141142333,21061565098,100,100,100,100,0.3,0.9,0.61,0.58
93286,06,107,06107,9548,2896,222585858,221031624,9548,2896,222585858,221031624,442179,141696,12532049785,12494658169,100,100,100,100,2.16,2.04,1.78,1.77
93287,06,029,06029,119,54,144693990,144693990,119,54,144693990,144693990,839631,284367,21141142333,21061565098,100,100,100,100,0.01,0.02,0.68,0.69
93291,06,107,06107,52849,16362,219586861,219218023,52849,16362,219586861,219218023,442179,141696,12532049785,12494658169,100,100,100,100,11.95,11.55,1.75,1.75
93292,06,107,06107,39032,13622,281509843,281391266,39032,13622,281509843,281391266,442179,141696,12532049785,12494658169,100,100,100,100,8.83,9.61,2.25,2.25
93301,06,029,06029,12248,5707,11173379,10828653,12248,5707,11173379,10828653,839631,284367,21141142333,21061565098,100,100,100,100,1.46,2.01,0.05,0.05
93304,06,029,06029,48731,16480,19670450,19670450,48731,16480,19670450,19670450,839631,284367,21141142333,21061565098,100,100,100,100,5.8,5.8,0.09,0.09
93305,06,029,06029,37601,11964,15369431,15369431,37601,11964,15369431,15369431,839631,284367,21141142333,21061565098,100,100,100,100,4.48,4.21,0.07,0.07
93306,06,029,06029,64587,22210,229470601,228103462,64587,22210,229470601,228103462,839631,284367,21141142333,21061565098,100,100,100,100,7.69,7.81,1.09,1.08
93307,06,029,06029,82658,23411,360493793,359744699,82658,23411,360493793,359744699,839631,284367,21141142333,21061565098,100,100,100,100,9.84,8.23,1.71,1.71
93308,06,029,06029,52447,20931,820249978,818459147,52447,20931,820249978,818459147,839631,284367,21141142333,21061565098,100,100,100,100,6.25,7.36,3.88,3.89
93309,06,029,06029,58409,23542,28373550,27570004,58409,23542,28373550,27570004,839631,284367,21141142333,21061565098,100,100,100,100,6.96,8.28,0.13,0.13
93311,06,029,06029,40829,14414,440630664,438967246,40829,14414,440630664,438967246,839631,284367,21141142333,21061565098,100,100,100,100,4.86,5.07,2.08,2.08
93312,06,029,06029,56741,19494,39408937,39408937,56741,19494,39408937,39408937,839631,284367,21141142333,21061565098,100,100,100,100,6.76,6.86,0.19,0.19
93313,06,029,06029,43553,12990,258154248,258154248,43553,12990,258154248,258154248,839631,284367,21141142333,21061565098,100,100,100,100,5.19,4.57,1.22,1.23
93314,06,029,06029,22393,7515,257288557,256237826,22393,7515,257288557,256237826,839631,284367,21141142333,21061565098,100,100,100,100,2.67,2.64,1.22,1.22
93401,06,079,06079,28033,13378,181202764,181154941,28033,13378,181202764,181154941,269637,117315,9364223107,8543248461,100,100,100,100,10.4,11.4,1.94,2.12
93402,06,079,06079,14318,6506,85575208,75349656,14318,6506,85575208,75349656,269637,117315,9364223107,8543248461,100,100,100,100,5.31,5.55,0.91,0.88
93405,06,079,06079,35440,9346,227734260,227263313,35440,9346,227734260,227263313,269637,117315,9364223107,8543248461,100,100,100,100,13.14,7.97,2.43,2.66
93410,06,079,06079,0,0,216393,216393,0,0,216393,216393,269637,117315,9364223107,8543248461,0,0,100,100,0,0,0,0
93420,06,079,06079,28413,12444,488222295,485264761,28413,12444,488222295,485264761,269637,117315,9364223107,8543248461,100,100,100,100,10.54,10.61,5.21,5.68
93422,06,079,06079,31375,12744,156975338,154910478,31375,12744,156975338,154910478,269637,117315,9364223107,8543248461,100,100,100,100,11.64,10.86,1.68,1.81
93424,06,079,06079,1261,919,8414665,6819126,1261,919,8414665,6819126,269637,117315,9364223107,8543248461,100,100,100,100,0.47,0.78,0.09,0.08
93426,06,053,06053,933,451,497430428,471037148,1401,1260,583613813,549711127,415057,139048,9767417220,8496702738,66.6,35.79,85.23,85.69,0.22,0.32,5.09,5.54
93426,06,079,06079,468,809,86183385,78673979,1401,1260,583613813,549711127,269637,117315,9364223107,8543248461,33.4,64.21,14.77,14.31,0.17,0.69,0.92,0.92
93427,06,083,06083,5505,2141,145032212,144984684,5505,2141,145032212,144984684,423895,152834,9813667387,7083838022,100,100,100,100,1.3,1.4,1.48,2.05
93428,06,079,06079,6314,4196,204462790,199391527,6314,4196,204462790,199391527,269637,117315,9364223107,8543248461,100,100,100,100,2.34,3.58,2.18,2.33
93429,06,083,06083,154,69,19334170,19273597,154,69,19334170,19273597,423895,152834,9813667387,7083838022,100,100,100,100,0.04,0.05,0.2,0.27
93430,06,079,06079,2972,2537,199124620,187111444,2972,2537,199124620,187111444,269637,117315,9364223107,8543248461,100,100,100,100,1.1,2.16,2.13,2.19
93432,06,079,06079,1384,645,233970863,233270207,1384,645,233970863,233270207,269637,117315,9364223107,8543248461,100,100,100,100,0.51,0.55,2.5,2.73
93433,06,079,06079,13162,5749,5730492,5603498,13162,5749,5730492,5603498,269637,117315,9364223107,8543248461,100,100,100,100,4.88,4.9,0.06,0.07
93434,06,083,06083,7110,1900,86960543,85505781,7110,1900,86960543,85505781,423895,152834,9813667387,7083838022,100,100,100,100,1.68,1.24,0.89,1.21
93436,06,083,06083,54017,18989,569076117,567006773,54017,18989,569076117,567006773,423895,152834,9813667387,7083838022,100,100,100,100,12.74,12.42,5.8,8
93437,06,083,06083,3338,1035,100763050,100488726,3338,1035,100763050,100488726,423895,152834,9813667387,7083838022,100,100,100,100,0.79,0.68,1.03,1.42
93440,06,083,06083,2058,743,104160404,104117618,2058,743,104160404,104117618,423895,152834,9813667387,7083838022,100,100,100,100,0.49,0.49,1.06,1.47
93441,06,083,06083,1530,574,142287595,142144460,1530,574,142287595,142144460,423895,152834,9813667387,7083838022,100,100,100,100,0.36,0.38,1.45,2.01
93442,06,079,06079,10789,6596,120046988,116165760,10789,6596,120046988,116165760,269637,117315,9364223107,8543248461,100,100,100,100,4,5.62,1.28,1.36
93444,06,079,06079,19244,7201,181033149,178359533,19244,7201,181033149,178359533,269637,117315,9364223107,8543248461,100,100,100,100,7.14,6.14,1.93,2.09
93445,06,079,06079,7173,3036,46990571,43522002,7173,3036,46990571,43522002,269637,117315,9364223107,8543248461,100,100,100,100,2.66,2.59,0.5,0.51
93446,06,079,06079,43714,18374,1098424827,1080179738,43714,18374,1098424827,1080179738,269637,117315,9364223107,8543248461,100,100,100,100,16.21,15.66,11.73,12.64
93449,06,079,06079,7657,5587,27722070,25882303,7657,5587,27722070,25882303,269637,117315,9364223107,8543248461,100,100,100,100,2.84,4.76,0.3,0.3
93450,06,053,06053,740,245,448595337,439657056,740,245,448595337,439657056,415057,139048,9767417220,8496702738,100,100,100,100,0.18,0.18,4.59,5.17
93451,06,053,06053,522,261,1134983122,1131080558,3779,1462,1325347196,1321354826,415057,139048,9767417220,8496702738,13.81,17.85,85.64,85.6,0.13,0.19,11.62,13.31
93451,06,079,06079,3257,1201,190364074,190274268,3779,1462,1325347196,1321354826,269637,117315,9364223107,8543248461,86.19,82.15,14.36,14.4,1.21,1.02,2.03,2.23
93452,06,079,06079,524,345,313452810,295623512,524,345,313452810,295623512,269637,117315,9364223107,8543248461,100,100,100,100,0.19,0.29,3.35,3.46
93453,06,079,06079,2899,1392,1617004994,1613002286,2899,1392,1617004994,1613002286,269637,117315,9364223107,8543248461,100,100,100,100,1.08,1.19,17.27,18.88
93454,06,079,06079,283,154,286500411,281367014,36448,12393,1115763667,1105927257,269637,117315,9364223107,8543248461,0.78,1.24,25.68,25.44,0.1,0.13,3.06,3.29
93454,06,083,06083,36165,12239,829263256,824560243,36448,12393,1115763667,1105927257,423895,152834,9813667387,7083838022,99.22,98.76,74.32,74.56,8.53,8.01,8.45,11.64
93455,06,083,06083,41684,15675,280919316,279983178,41684,15675,280919316,279983178,423895,152834,9813667387,7083838022,100,100,100,100,9.83,10.26,2.86,3.95
93458,06,079,06079,61,18,182263,182263,55431,13026,72286000,70894975,269637,117315,9364223107,8543248461,0.11,0.14,0.25,0.26,0.02,0.02,0,0
93458,06,083,06083,55370,13008,72103737,70712712,55431,13026,72286000,70894975,423895,152834,9813667387,7083838022,99.89,99.86,99.75,99.74,13.06,8.51,0.73,1
93460,06,083,06083,5255,2394,322329319,319600065,5255,2394,322329319,319600065,423895,152834,9813667387,7083838022,100,100,100,100,1.24,1.57,3.28,4.51
93461,06,029,06029,11,5,70071371,70071371,1623,569,920093432,917505721,839631,284367,21141142333,21061565098,0.68,0.88,7.62,7.64,0,0,0.33,0.33
93461,06,053,06053,14,5,92627643,92536158,1623,569,920093432,917505721,415057,139048,9767417220,8496702738,0.86,0.88,10.07,10.09,0,0,0.95,1.09
93461,06,079,06079,1598,559,757394418,754898192,1623,569,920093432,917505721,269637,117315,9364223107,8543248461,98.46,98.24,82.32,82.28,0.59,0.48,8.09,8.84
93463,06,083,06083,7646,3589,78616086,78199941,7646,3589,78616086,78199941,423895,152834,9813667387,7083838022,100,100,100,100,1.8,2.35,0.8,1.1
93465,06,079,06079,9153,3532,227994408,227097616,9153,3532,227994408,227097616,269637,117315,9364223107,8543248461,100,100,100,100,3.39,3.01,2.43,2.66
93501,06,029,06029,5467,2418,424573092,424305072,5467,2418,424573092,424305072,839631,284367,21141142333,21061565098,100,100,100,100,0.65,0.85,2.01,2.01
93505,06,029,06029,14038,5165,202775104,202551905,14038,5165,202775104,202551905,839631,284367,21141142333,21061565098,100,100,100,100,1.67,1.82,0.96,0.96
93510,06,037,06037,7993,2954,186318729,186232826,7993,2954,186318729,186232826,9818605,3445076,12304882555,10509869649,100,100,100,100,0.08,0.09,1.51,1.77
93512,06,051,06051,277,154,328156855,327426701,277,154,328156855,327426701,14202,13912,8111522878,7896827391,100,100,100,100,1.95,1.11,4.05,4.15
93513,06,027,06027,1763,874,1674009266,1666604665,1763,874,1674009266,1666604665,18546,9478,26487562274,26368354217,100,100,100,100,9.51,9.22,6.32,6.32
93514,06,027,06027,12671,6060,1172600823,1160696513,13857,6663,2901899889,2889792721,18546,9478,26487562274,26368354217,91.44,90.95,40.41,40.17,68.32,63.94,4.43,4.4
93514,06,051,06051,1186,603,1729299066,1729096208,13857,6663,2901899889,2889792721,14202,13912,8111522878,7896827391,8.56,9.05,59.59,59.83,8.35,4.33,21.32,21.9
93516,06,029,06029,2253,1208,24123886,24114297,2299,1233,49956571,49946982,839631,284367,21141142333,21061565098,98,97.97,48.29,48.28,0.27,0.42,0.11,0.11
93516,06,071,06071,46,25,25832685,25832685,2299,1233,49956571,49946982,2035210,699637,52071257852,51947229509,2,2.03,51.71,51.72,0,0,0.05,0.05
93517,06,051,06051,670,686,1552745468,1536338281,670,686,1552745468,1536338281,14202,13912,8111522878,7896827391,100,100,100,100,4.72,4.93,19.14,19.46
93518,06,029,06029,1146,844,772380725,772164845,1146,844,772380725,772164845,839631,284367,21141142333,21061565098,100,100,100,100,0.14,0.3,3.65,3.67
93519,06,029,06029,101,86,205372418,203937660,101,86,205372418,203937660,839631,284367,21141142333,21061565098,100,100,100,100,0.01,0.03,0.97,0.97
93522,06,027,06027,48,49,119762436,119667688,48,49,119762436,119667688,18546,9478,26487562274,26368354217,100,100,100,100,0.26,0.52,0.45,0.45
93523,06,029,06029,3074,1436,253792583,252296184,3074,1436,253792583,252296184,839631,284367,21141142333,21061565098,100,100,100,100,0.37,0.5,1.2,1.2
93524,06,029,06029,229,0,5312089,5312089,229,0,5312089,5312089,839631,284367,21141142333,21061565098,100,0,100,100,0.03,0,0.03,0.03
93526,06,027,06027,719,473,355508542,354621290,719,473,355508542,354621290,18546,9478,26487562274,26368354217,100,100,100,100,3.88,4.99,1.34,1.34
93527,06,027,06027,17,16,15631073,15420326,2387,1349,1412821269,1412346246,18546,9478,26487562274,26368354217,0.71,1.19,1.11,1.09,0.09,0.17,0.06,0.06
93527,06,029,06029,2317,1155,172763834,172615482,2387,1349,1412821269,1412346246,839631,284367,21141142333,21061565098,97.07,85.62,12.23,12.22,0.28,0.41,0.82,0.82
93527,06,107,06107,53,178,1224426362,1224310438,2387,1349,1412821269,1412346246,442179,141696,12532049785,12494658169,2.22,13.19,86.67,86.69,0.01,0.13,9.77,9.8
93528,06,029,06029,172,139,9839019,9839019,172,139,9839019,9839019,839631,284367,21141142333,21061565098,100,100,100,100,0.02,0.05,0.05,0.05
93529,06,051,06051,633,825,86129614,79303871,633,825,86129614,79303871,14202,13912,8111522878,7896827391,100,100,100,100,4.46,5.93,1.06,1
93530,06,027,06027,47,46,2362111,2362111,47,46,2362111,2362111,18546,9478,26487562274,26368354217,100,100,100,100,0.25,0.49,0.01,0.01
93531,06,029,06029,509,261,88899488,88879339,509,261,88899488,88879339,839631,284367,21141142333,21061565098,100,100,100,100,0.06,0.09,0.42,0.42
93532,06,037,06037,2932,1291,295460887,294415332,2932,1291,295460887,294415332,9818605,3445076,12304882555,10509869649,100,100,100,100,0.03,0.04,2.4,2.8
93534,06,037,06037,39341,16066,47041999,45994950,39341,16066,47041999,45994950,9818605,3445076,12304882555,10509869649,100,100,100,100,0.4,0.47,0.38,0.44
93535,06,037,06037,72046,22946,668194378,667949042,72046,22946,668194378,667949042,9818605,3445076,12304882555,10509869649,100,100,100,100,0.73,0.67,5.43,6.36
93536,06,037,06037,70918,22620,630849400,628570647,70918,22620,630849400,628570647,9818605,3445076,12304882555,10509869649,100,100,100,100,0.72,0.66,5.13,5.98
93541,06,051,06051,449,378,855710012,693505539,449,378,855710012,693505539,14202,13912,8111522878,7896827391,100,100,100,100,3.16,2.72,10.55,8.78
93543,06,037,06037,13033,3986,154202644,153742038,13033,3986,154202644,153742038,9818605,3445076,12304882555,10509869649,100,100,100,100,0.13,0.12,1.25,1.46
93544,06,037,06037,1259,762,284290417,283741899,1259,762,284290417,283741899,9818605,3445076,12304882555,10509869649,100,100,100,100,0.01,0.02,2.31,2.7
93545,06,027,06027,2082,1055,277431366,276654075,2082,1055,277431366,276654075,18546,9478,26487562274,26368354217,100,100,100,100,11.23,11.13,1.05,1.05
93546,06,051,06051,9567,10470,451963355,446182420,9567,10470,451963355,446182420,14202,13912,8111522878,7896827391,100,100,100,100,67.36,75.26,5.57,5.65
93549,06,027,06027,344,217,878653717,868880003,344,217,878653717,868880003,18546,9478,26487562274,26368354217,100,100,100,100,1.85,2.29,3.32,3.3
93550,06,037,06037,74929,22961,510356630,508068932,74929,22961,510356630,508068932,9818605,3445076,12304882555,10509869649,100,100,100,100,0.76,0.67,4.15,4.83
93551,06,037,06037,50798,17144,189925749,189434904,50798,17144,189925749,189434904,9818605,3445076,12304882555,10509869649,100,100,100,100,0.52,0.5,1.54,1.8
93552,06,037,06037,38158,10422,126263825,125624886,38158,10422,126263825,125624886,9818605,3445076,12304882555,10509869649,100,100,100,100,0.39,0.3,1.03,1.2
93553,06,037,06037,2138,933,224275881,224009768,2138,933,224275881,224009768,9818605,3445076,12304882555,10509869649,100,100,100,100,0.02,0.03,1.82,2.13
93554,06,029,06029,72,103,191992112,191856647,72,103,191992112,191856647,839631,284367,21141142333,21061565098,100,100,100,100,0.01,0.04,0.91,0.91
93555,06,029,06029,32334,14035,204708888,203531500,32560,14147,212454615,211253737,839631,284367,21141142333,21061565098,99.31,99.21,96.35,96.34,3.85,4.94,0.97,0.97
93555,06,071,06071,226,112,7745727,7722237,32560,14147,212454615,211253737,2035210,699637,52071257852,51947229509,0.69,0.79,3.65,3.66,0.01,0.02,0.01,0.01
93558,06,071,06071,125,107,9503246,9503246,125,107,9503246,9503246,2035210,699637,52071257852,51947229509,100,100,100,100,0.01,0.02,0.02,0.02
93560,06,029,06029,18860,7343,398508229,397875929,18910,7367,413904300,413238776,839631,284367,21141142333,21061565098,99.74,99.67,96.28,96.28,2.25,2.58,1.88,1.89
93560,06,037,06037,50,24,15396071,15362847,18910,7367,413904300,413238776,9818605,3445076,12304882555,10509869649,0.26,0.33,3.72,3.72,0,0,0.13,0.15
93561,06,029,06029,34630,12824,684884645,684141522,34630,12824,684884645,684141522,839631,284367,21141142333,21061565098,100,100,100,100,4.12,4.51,3.24,3.25
93562,06,071,06071,1818,1008,103080704,102433332,1818,1008,103080704,102433332,2035210,699637,52071257852,51947229509,100,100,100,100,0.09,0.14,0.2,0.2
93563,06,037,06037,388,146,104183328,104092212,388,146,104183328,104092212,9818605,3445076,12304882555,10509869649,100,100,100,100,0,0,0.85,0.99
93591,06,037,06037,7285,2235,213839973,213558349,7285,2235,213839973,213558349,9818605,3445076,12304882555,10509869649,100,100,100,100,0.07,0.06,1.74,2.03
93592,06,027,06027,64,44,409775409,388868679,64,44,409775409,388868679,18546,9478,26487562274,26368354217,100,100,100,100,0.35,0.46,1.55,1.47
93601,06,039,06039,1809,831,76249001,76249001,1909,884,115659233,115615217,150865,49140,5576940489,5534982985,94.76,94,65.93,65.95,1.2,1.69,1.37,1.38
93601,06,043,06043,100,53,39410232,39366216,1909,884,115659233,115615217,18251,10188,3788688376,3752416976,5.24,6,34.07,34.05,0.55,0.52,1.04,1.05
93602,06,019,06019,3862,1878,373377565,371872184,3862,1878,373377565,371872184,930450,315531,15568942406,15431126407,100,100,100,100,0.42,0.6,2.4,2.41
93603,06,107,06107,222,218,112792745,112705936,222,218,112792745,112705936,442179,141696,12532049785,12494658169,100,100,100,100,0.05,0.15,0.9,0.9
93604,06,039,06039,674,1279,366860818,364396911,674,1279,366860818,364396911,150865,49140,5576940489,5534982985,100,100,100,100,0.45,2.6,6.58,6.58
93605,06,019,06019,175,117,1078646,1078646,175,117,1078646,1078646,930450,315531,15568942406,15431126407,100,100,100,100,0.02,0.04,0.01,0.01
93606,06,019,06019,1217,266,388723,388723,1217,266,388723,388723,930450,315531,15568942406,15431126407,100,100,100,100,0.13,0.08,0,0
93608,06,019,06019,1114,302,283121760,282247651,1114,302,283121760,282247651,930450,315531,15568942406,15431126407,100,100,100,100,0.12,0.1,1.82,1.83
93609,06,019,06019,5640,1584,159254587,159254587,5640,1584,159254587,159254587,930450,315531,15568942406,15431126407,100,100,100,100,0.61,0.5,1.02,1.03
93610,06,039,06039,23640,5746,595713330,593417830,23833,5809,707401246,705028898,150865,49140,5576940489,5534982985,99.19,98.92,84.21,84.17,15.67,11.69,10.68,10.72
93610,06,047,06047,193,63,111687916,111611068,23833,5809,707401246,705028898,255793,83698,5124315228,5011554741,0.81,1.08,15.79,15.83,0.08,0.08,2.18,2.23
93611,06,019,06019,45614,15825,28993835,28993835,45614,15825,28993835,28993835,930450,315531,15568942406,15431126407,100,100,100,100,4.9,5.02,0.19,0.19
93612,06,019,06019,35351,14584,17132668,17132668,35351,14584,17132668,17132668,930450,315531,15568942406,15431126407,100,100,100,100,3.8,4.62,0.11,0.11
93614,06,039,06039,11661,5329,298168718,297469148,11661,5329,298168718,297469148,150865,49140,5576940489,5534982985,100,100,100,100,7.73,10.84,5.35,5.37
93615,06,107,06107,6042,1471,43328922,43328922,6042,1471,43328922,43328922,442179,141696,12532049785,12494658169,100,100,100,100,1.37,1.04,0.35,0.35
93616,06,019,06019,2627,709,35932441,35932441,2627,709,35932441,35932441,930450,315531,15568942406,15431126407,100,100,100,100,0.28,0.22,0.23,0.23
93618,06,019,06019,278,98,17473720,17473720,28262,7808,172635698,172635698,930450,315531,15568942406,15431126407,0.98,1.26,10.12,10.12,0.03,0.03,0.11,0.11
93618,06,107,06107,27984,7710,155161978,155161978,28262,7808,172635698,172635698,442179,141696,12532049785,12494658169,99.02,98.74,89.88,89.88,6.33,5.44,1.24,1.24
93619,06,019,06019,28874,10057,465504874,462062835,28965,10079,465542424,462100385,930450,315531,15568942406,15431126407,99.69,99.78,99.99,99.99,3.1,3.19,2.99,2.99
93619,06,107,06107,91,22,37550,37550,28965,10079,465542424,462100385,442179,141696,12532049785,12494658169,0.31,0.22,0.01,0.01,0.02,0.02,0,0
93620,06,019,06019,588,201,127684843,127595177,9591,3296,453212199,452385420,930450,315531,15568942406,15431126407,6.13,6.1,28.17,28.2,0.06,0.06,0.82,0.83
93620,06,047,06047,9003,3095,325527356,324790243,9591,3296,453212199,452385420,255793,83698,5124315228,5011554741,93.87,93.9,71.83,71.8,3.52,3.7,6.35,6.48
93621,06,019,06019,464,213,181102620,170897022,464,213,181102620,170897022,930450,315531,15568942406,15431126407,100,100,100,100,0.05,0.07,1.16,1.11
93622,06,019,06019,9054,2573,759069282,754695186,9581,2782,923621355,918158449,930450,315531,15568942406,15431126407,94.5,92.49,82.18,82.2,0.97,0.82,4.88,4.89
93622,06,039,06039,483,188,141162052,140310913,9581,2782,923621355,918158449,150865,49140,5576940489,5534982985,5.04,6.76,15.28,15.28,0.32,0.38,2.53,2.53
93622,06,047,06047,44,21,23390021,23152350,9581,2782,923621355,918158449,255793,83698,5124315228,5011554741,0.46,0.75,2.53,2.52,0.02,0.03,0.46,0.46
93623,06,039,06039,2,3,837335,837335,69,170,79859291,79826695,150865,49140,5576940489,5534982985,2.9,1.76,1.05,1.05,0,0.01,0.02,0.02
93623,06,043,06043,67,167,79021956,78989360,69,170,79859291,79826695,18251,10188,3788688376,3752416976,97.1,98.24,98.95,98.95,0.37,1.64,2.09,2.11
93624,06,019,06019,1134,295,290607256,290240690,1134,295,290607256,290240690,930450,315531,15568942406,15431126407,100,100,100,100,0.12,0.09,1.87,1.88
93625,06,019,06019,7313,2416,64025289,64025289,7313,2416,64025289,64025289,930450,315531,15568942406,15431126407,100,100,100,100,0.79,0.77,0.41,0.41
93626,06,019,06019,1032,455,60161271,52009665,1359,613,273625877,257886516,930450,315531,15568942406,15431126407,75.94,74.23,21.99,20.17,0.11,0.14,0.39,0.34
93626,06,039,06039,327,158,213464606,205876851,1359,613,273625877,257886516,150865,49140,5576940489,5534982985,24.06,25.77,78.01,79.83,0.22,0.32,3.83,3.72
93627,06,019,06019,123,29,92352753,92352753,123,29,92352753,92352753,930450,315531,15568942406,15431126407,100,100,100,100,0.01,0.01,0.59,0.6
93628,06,019,06019,327,403,93269581,92921560,327,403,93269581,92921560,930450,315531,15568942406,15431126407,100,100,100,100,0.04,0.13,0.6,0.6
93630,06,019,06019,19162,5642,406190446,403278744,19162,5642,406190446,403278744,930450,315531,15568942406,15431126407,100,100,100,100,2.06,1.79,2.61,2.61
93631,06,019,06019,13127,4638,53150460,53150460,15941,5587,208607561,207801286,930450,315531,15568942406,15431126407,82.35,83.01,25.48,25.58,1.41,1.47,0.34,0.34
93631,06,031,06031,773,258,42553555,42478318,15941,5587,208607561,207801286,152982,43867,3604050863,3598582308,4.85,4.62,20.4,20.44,0.51,0.59,1.18,1.18
93631,06,107,06107,2041,691,112903546,112172508,15941,5587,208607561,207801286,442179,141696,12532049785,12494658169,12.8,12.37,54.12,53.98,0.46,0.49,0.9,0.9
93633,06,019,06019,0,28,41621855,41621855,25,256,54295038,54295038,930450,315531,15568942406,15431126407,0,10.94,76.66,76.66,0,0.01,0.27,0.27
93633,06,107,06107,25,228,12673183,12673183,25,256,54295038,54295038,442179,141696,12532049785,12494658169,100,89.06,23.34,23.34,0.01,0.16,0.1,0.1
93634,06,019,06019,33,622,3127253992,3068390690,33,622,3127253992,3068390690,930450,315531,15568942406,15431126407,100,100,100,100,0,0.2,20.09,19.88
93635,06,047,06047,38776,12546,693389247,671300236,38776,12546,693389247,671300236,255793,83698,5124315228,5011554741,100,100,100,100,15.16,14.99,13.53,13.4
93636,06,039,06039,11908,4186,509521714,506600467,11908,4186,509521714,506600467,150865,49140,5576940489,5534982985,100,100,100,100,7.89,8.52,9.14,9.15
93637,06,039,06039,37743,12241,700764508,700616337,37743,12241,700764508,700616337,150865,49140,5576940489,5534982985,100,100,100,100,25.02,24.91,12.57,12.66
93638,06,039,06039,49068,12038,247163269,245587585,49068,12038,247163269,245587585,150865,49140,5576940489,5534982985,100,100,100,100,32.52,24.5,4.43,4.44
93640,06,019,06019,11880,2797,296611263,292929642,11880,2797,296611263,292929642,930450,315531,15568942406,15431126407,100,100,100,100,1.28,0.89,1.91,1.9
93641,06,019,06019,595,438,83068380,82690991,595,438,83068380,82690991,930450,315531,15568942406,15431126407,100,100,100,100,0.06,0.14,0.53,0.54
93643,06,039,06039,3171,1778,323775903,322495957,3171,1778,323775903,322495957,150865,49140,5576940489,5534982985,100,100,100,100,2.1,3.62,5.81,5.83
93644,06,039,06039,8637,4431,240277329,240257914,8637,4431,240277329,240257914,150865,49140,5576940489,5534982985,100,100,100,100,5.72,9.02,4.31,4.34
93645,06,039,06039,318,149,138591934,138498803,318,149,138591934,138498803,150865,49140,5576940489,5534982985,100,100,100,100,0.21,0.3,2.49,2.5
93646,06,019,06019,10242,2567,59938772,59938772,10557,2671,110351230,110351230,930450,315531,15568942406,15431126407,97.02,96.11,54.32,54.32,1.1,0.81,0.38,0.39
93646,06,107,06107,315,104,50412458,50412458,10557,2671,110351230,110351230,442179,141696,12532049785,12494658169,2.98,3.89,45.68,45.68,0.07,0.07,0.4,0.4
93647,06,107,06107,11874,2928,276802484,276774369,11874,2928,276802484,276774369,442179,141696,12532049785,12494658169,100,100,100,100,2.69,2.07,2.21,2.22
93648,06,019,06019,15719,3875,59395881,59395881,15719,3875,59395881,59395881,930450,315531,15568942406,15431126407,100,100,100,100,1.69,1.23,0.38,0.38
93650,06,019,06019,4055,1458,1834447,1834447,4055,1458,1834447,1834447,930450,315531,15568942406,15431126407,100,100,100,100,0.44,0.46,0.01,0.01
93651,06,019,06019,1674,673,74478225,74408723,1674,673,74478225,74408723,930450,315531,15568942406,15431126407,100,100,100,100,0.18,0.21,0.48,0.48
93652,06,019,06019,415,111,5346999,5346999,415,111,5346999,5346999,930450,315531,15568942406,15431126407,100,100,100,100,0.04,0.04,0.03,0.03
93653,06,039,06039,1129,518,363879990,354987325,1229,570,624253320,614771703,150865,49140,5576940489,5534982985,91.86,90.88,58.29,57.74,0.75,1.05,6.52,6.41
93653,06,043,06043,100,52,260373330,259784378,1229,570,624253320,614771703,18251,10188,3788688376,3752416976,8.14,9.12,41.71,42.26,0.55,0.51,6.87,6.92
93654,06,019,06019,29013,8558,233573753,232224427,29776,8832,256721414,255245837,930450,315531,15568942406,15431126407,97.44,96.9,90.98,90.98,3.12,2.71,1.5,1.5
93654,06,107,06107,763,274,23147661,23021410,29776,8832,256721414,255245837,442179,141696,12532049785,12494658169,2.56,3.1,9.02,9.02,0.17,0.19,0.18,0.18
93656,06,019,06019,5958,1712,261897328,261897328,6313,1840,284553257,284522417,930450,315531,15568942406,15431126407,94.38,93.04,92.04,92.05,0.64,0.54,1.68,1.7
93656,06,031,06031,355,128,22655929,22625089,6313,1840,284553257,284522417,152982,43867,3604050863,3598582308,5.62,6.96,7.96,7.95,0.23,0.29,0.63,0.63
93657,06,019,06019,34999,11444,564249459,551883337,34999,11444,564249459,551883337,930450,315531,15568942406,15431126407,100,100,100,100,3.76,3.63,3.62,3.58
93660,06,019,06019,4675,1130,211689153,210354182,4675,1130,211689153,210354182,930450,315531,15568942406,15431126407,100,100,100,100,0.5,0.36,1.36,1.36
93662,06,019,06019,30237,8979,204608079,204057392,30237,8979,204608079,204057392,930450,315531,15568942406,15431126407,100,100,100,100,3.25,2.85,1.31,1.32
93664,06,019,06019,585,2295,505387494,496537450,585,2295,505387494,496537450,930450,315531,15568942406,15431126407,100,100,100,100,0.06,0.73,3.25,3.22
93665,06,047,06047,472,144,2178983,2178983,472,144,2178983,2178983,255793,83698,5124315228,5011554741,100,100,100,100,0.18,0.17,0.04,0.04
93666,06,107,06107,692,207,968551,968551,692,207,968551,968551,442179,141696,12532049785,12494658169,100,100,100,100,0.16,0.15,0.01,0.01
93667,06,019,06019,2604,1060,290664185,288369123,2604,1060,290664185,288369123,930450,315531,15568942406,15431126407,100,100,100,100,0.28,0.34,1.87,1.87
93668,06,019,06019,1118,361,87364488,87172781,1118,361,87364488,87172781,930450,315531,15568942406,15431126407,100,100,100,100,0.12,0.11,0.56,0.56
93669,06,039,06039,295,261,19630806,17625483,295,261,19630806,17625483,150865,49140,5576940489,5534982985,100,100,100,100,0.2,0.53,0.35,0.32
93673,06,107,06107,713,184,2154155,2154155,713,184,2154155,2154155,442179,141696,12532049785,12494658169,100,100,100,100,0.16,0.13,0.02,0.02
93675,06,019,06019,3721,1678,204269148,204126337,3721,1678,204269148,204126337,930450,315531,15568942406,15431126407,100,100,100,100,0.4,0.53,1.31,1.32
93701,06,019,06019,12529,3828,3921893,3921893,12529,3828,3921893,3921893,930450,315531,15568942406,15431126407,100,100,100,100,1.35,1.21,0.03,0.03
93702,06,019,06019,48607,12806,13633816,13633816,48607,12806,13633816,13633816,930450,315531,15568942406,15431126407,100,100,100,100,5.22,4.06,0.09,0.09
93703,06,019,06019,31868,10249,12244599,12244599,31868,10249,12244599,12244599,930450,315531,15568942406,15431126407,100,100,100,100,3.43,3.25,0.08,0.08
93704,06,019,06019,27156,11678,14195500,14195500,27156,11678,14195500,14195500,930450,315531,15568942406,15431126407,100,100,100,100,2.92,3.7,0.09,0.09
93705,06,019,06019,36703,13085,12628103,12628103,36703,13085,12628103,12628103,930450,315531,15568942406,15431126407,100,100,100,100,3.94,4.15,0.08,0.08
93706,06,019,06019,41087,11392,423558745,423558745,41087,11392,423558745,423558745,930450,315531,15568942406,15431126407,100,100,100,100,4.42,3.61,2.72,2.74
93710,06,019,06019,30202,12181,18158800,18158800,30202,12181,18158800,18158800,930450,315531,15568942406,15431126407,100,100,100,100,3.25,3.86,0.12,0.12
93711,06,019,06019,36731,16376,29660682,29291416,36731,16376,29660682,29291416,930450,315531,15568942406,15431126407,100,100,100,100,3.95,5.19,0.19,0.19
93720,06,019,06019,45191,18236,25910775,25791046,45191,18236,25910775,25791046,930450,315531,15568942406,15431126407,100,100,100,100,4.86,5.78,0.17,0.17
93721,06,019,06019,6959,1923,5309617,5309617,6959,1923,5309617,5309617,930450,315531,15568942406,15431126407,100,100,100,100,0.75,0.61,0.03,0.03
93722,06,019,06019,76448,25246,50908025,50733010,76448,25246,50908025,50733010,930450,315531,15568942406,15431126407,100,100,100,100,8.22,8,0.33,0.33
93723,06,019,06019,9547,3119,110615344,110550767,9547,3119,110615344,110550767,930450,315531,15568942406,15431126407,100,100,100,100,1.03,0.99,0.71,0.72
93725,06,019,06019,24979,6974,169636803,169473946,24979,6974,169636803,169473946,930450,315531,15568942406,15431126407,100,100,100,100,2.68,2.21,1.09,1.1
93726,06,019,06019,40705,15033,16619268,16619268,40705,15033,16619268,16619268,930450,315531,15568942406,15431126407,100,100,100,100,4.37,4.76,0.11,0.11
93727,06,019,06019,71820,23644,84197155,84197155,71820,23644,84197155,84197155,930450,315531,15568942406,15431126407,100,100,100,100,7.72,7.49,0.54,0.55
93728,06,019,06019,15743,6366,7924791,7924791,15743,6366,7924791,7924791,930450,315531,15568942406,15431126407,100,100,100,100,1.69,2.02,0.05,0.05
93730,06,019,06019,9941,3869,21361532,19620322,9941,3869,21361532,19620322,930450,315531,15568942406,15431126407,100,100,100,100,1.07,1.23,0.14,0.13
93901,06,053,06053,26863,10603,37908456,37833782,26863,10603,37908456,37833782,415057,139048,9767417220,8496702738,100,100,100,100,6.47,7.63,0.39,0.45
93905,06,053,06053,61087,13157,24199643,24104021,61087,13157,24199643,24104021,415057,139048,9767417220,8496702738,100,100,100,100,14.72,9.46,0.25,0.28
93906,06,053,06053,59461,17788,33905945,33858896,59461,17788,33905945,33858896,415057,139048,9767417220,8496702738,100,100,100,100,14.33,12.79,0.35,0.4
93907,06,053,06053,21726,7512,140555934,139772769,21726,7512,140555934,139772769,415057,139048,9767417220,8496702738,100,100,100,100,5.23,5.4,1.44,1.65
93908,06,053,06053,13043,4854,562376366,555777572,13043,4854,562376366,555777572,415057,139048,9767417220,8496702738,100,100,100,100,3.14,3.49,5.76,6.54
93920,06,053,06053,1369,864,976372550,955395979,1369,864,976372550,955395979,415057,139048,9767417220,8496702738,100,100,100,100,0.33,0.62,10,11.24
93921,06,053,06053,3281,3139,2749400,2328597,3281,3139,2749400,2328597,415057,139048,9767417220,8496702738,100,100,100,100,0.79,2.26,0.03,0.03
93923,06,053,06053,12073,7476,343996136,334047495,12073,7476,343996136,334047495,415057,139048,9767417220,8496702738,100,100,100,100,2.91,5.38,3.52,3.93
93924,06,053,06053,6279,3094,492862855,491762200,6279,3094,492862855,491762200,415057,139048,9767417220,8496702738,100,100,100,100,1.51,2.23,5.05,5.79
93925,06,053,06053,1671,405,141858509,141038288,1671,405,141858509,141038288,415057,139048,9767417220,8496702738,100,100,100,100,0.4,0.29,1.45,1.66
93926,06,053,06053,8726,2153,153622518,153337781,8726,2153,153622518,153337781,415057,139048,9767417220,8496702738,100,100,100,100,2.1,1.55,1.57,1.8
93927,06,053,06053,17547,4347,686264259,683438614,17547,4347,686264259,683438614,415057,139048,9767417220,8496702738,100,100,100,100,4.23,3.13,7.03,8.04
93928,06,053,06053,506,82,49521455,49472760,506,82,49521455,49472760,415057,139048,9767417220,8496702738,100,100,100,100,0.12,0.06,0.51,0.58
93930,06,053,06053,15814,4229,780661039,768826882,15866,4260,944442492,932571919,415057,139048,9767417220,8496702738,99.67,99.27,82.66,82.44,3.81,3.04,7.99,9.05
93930,06,069,06069,52,31,163781453,163745037,15866,4260,944442492,932571919,55269,17870,3601297341,3596742302,0.33,0.73,17.34,17.56,0.09,0.17,4.55,4.55
93932,06,053,06053,592,292,261401591,260851306,592,292,261401591,260851306,415057,139048,9767417220,8496702738,100,100,100,100,0.14,0.21,2.68,3.07
93933,06,053,06053,22406,8409,35024642,33300089,22406,8409,35024642,33300089,415057,139048,9767417220,8496702738,100,100,100,100,5.4,6.05,0.36,0.39
93940,06,053,06053,31615,15281,55029448,53196768,31615,15281,55029448,53196768,415057,139048,9767417220,8496702738,100,100,100,100,7.62,10.99,0.56,0.63
93943,06,053,06053,6,5,439354,439354,6,5,439354,439354,415057,139048,9767417220,8496702738,100,100,100,100,0,0,0,0.01
93950,06,053,06053,15046,8171,9049969,7421665,15046,8171,9049969,7421665,415057,139048,9767417220,8496702738,100,100,100,100,3.63,5.88,0.09,0.09
93953,06,053,06053,4509,2809,23907821,20823997,4509,2809,23907821,20823997,415057,139048,9767417220,8496702738,100,100,100,100,1.09,2.02,0.24,0.25
93954,06,053,06053,302,93,94938859,94936001,302,93,94938859,94936001,415057,139048,9767417220,8496702738,100,100,100,100,0.07,0.07,0.97,1.12
93955,06,053,06053,33359,11017,74726948,73140141,33359,11017,74726948,73140141,415057,139048,9767417220,8496702738,100,100,100,100,8.04,7.92,0.77,0.86
93960,06,053,06053,27080,4359,541633779,528420486,27080,4359,541633779,528420486,415057,139048,9767417220,8496702738,100,100,100,100,6.52,3.13,5.55,6.22
93962,06,053,06053,673,246,316378,316378,673,246,316378,316378,415057,139048,9767417220,8496702738,100,100,100,100,0.16,0.18,0,0
94002,06,081,06081,25992,11108,14690614,14668197,25992,11108,14690614,14668197,718451,271031,1919076205,1161371825,100,100,100,100,3.62,4.1,0.77,1.26
94005,06,081,06081,4282,1934,11832039,11384384,4282,1934,11832039,11384384,718451,271031,1919076205,1161371825,100,100,100,100,0.6,0.71,0.62,0.98
94010,06,081,06081,40737,17348,30881144,30654438,40737,17348,30881144,30654438,718451,271031,1919076205,1161371825,100,100,100,100,5.67,6.4,1.61,2.64
94014,06,081,06081,47014,14284,16334952,16334952,47014,14284,16334952,16334952,718451,271031,1919076205,1161371825,100,100,100,100,6.54,5.27,0.85,1.41
94015,06,081,06081,60927,20678,14921282,14921282,60927,20678,14921282,14921282,718451,271031,1919076205,1161371825,100,100,100,100,8.48,7.63,0.78,1.28
94019,06,081,06081,18424,7096,137689748,136231572,18424,7096,137689748,136231572,718451,271031,1919076205,1161371825,100,100,100,100,2.56,2.62,7.17,11.73
94020,06,081,06081,1559,849,144520995,144436917,1559,849,144520995,144436917,718451,271031,1919076205,1161371825,100,100,100,100,0.22,0.31,7.53,12.44
94021,06,081,06081,192,115,11740454,11740454,192,115,11740454,11740454,718451,271031,1919076205,1161371825,100,100,100,100,0.03,0.04,0.61,1.01
94022,06,085,06085,18500,7479,45294442,45294442,18500,7479,45294442,45294442,1781642,631920,3377518466,3341343470,100,100,100,100,1.04,1.18,1.34,1.36
94024,06,085,06085,22385,8178,18910937,18910937,22385,8178,18910937,18910937,1781642,631920,3377518466,3341343470,100,100,100,100,1.26,1.29,0.56,0.57
94025,06,081,06081,40526,16271,30443754,30440620,40526,16271,30443754,30440620,718451,271031,1919076205,1161371825,100,100,100,100,5.64,6,1.59,2.62
94027,06,081,06081,7089,2616,13543644,13461324,7089,2616,13543644,13461324,718451,271031,1919076205,1161371825,100,100,100,100,0.99,0.97,0.71,1.16
94028,06,081,06081,6431,2699,36897105,36753556,6534,2744,39748569,39458835,718451,271031,1919076205,1161371825,98.42,98.36,92.83,93.14,0.9,1,1.92,3.16
94028,06,085,06085,103,45,2851464,2705279,6534,2744,39748569,39458835,1781642,631920,3377518466,3341343470,1.58,1.64,7.17,6.86,0.01,0.01,0.08,0.08
94030,06,081,06081,21536,8374,8801446,8771378,21536,8374,8801446,8771378,718451,271031,1919076205,1161371825,100,100,100,100,3,3.09,0.46,0.76
94037,06,081,06081,2913,1169,14985393,14985393,2913,1169,14985393,14985393,718451,271031,1919076205,1161371825,100,100,100,100,0.41,0.43,0.78,1.29
94038,06,081,06081,3040,1109,4081711,4081711,3040,1109,4081711,4081711,718451,271031,1919076205,1161371825,100,100,100,100,0.42,0.41,0.21,0.35
94040,06,085,06085,32996,14492,9554256,9554256,32996,14492,9554256,9554256,1781642,631920,3377518466,3341343470,100,100,100,100,1.85,2.29,0.28,0.29
94041,06,085,06085,13292,6331,3962150,3962150,13292,6331,3962150,3962150,1781642,631920,3377518466,3341343470,100,100,100,100,0.75,1,0.12,0.12
94043,06,085,06085,28358,13213,27645044,27643575,28358,13213,27645044,27643575,1781642,631920,3377518466,3341343470,100,100,100,100,1.59,2.09,0.82,0.83
94044,06,081,06081,37296,14550,37988545,37983639,37296,14550,37988545,37983639,718451,271031,1919076205,1161371825,100,100,100,100,5.19,5.37,1.98,3.27
94060,06,081,06081,1554,650,189828402,188949679,1554,650,189828402,188949679,718451,271031,1919076205,1161371825,100,100,100,100,0.22,0.24,9.89,16.27
94061,06,081,06081,36245,14010,10001799,9995762,36245,14010,10001799,9995762,718451,271031,1919076205,1161371825,100,100,100,100,5.04,5.17,0.52,0.86
94062,06,081,06081,25876,10547,186031575,183596898,25876,10547,186031575,183596898,718451,271031,1919076205,1161371825,100,100,100,100,3.6,3.89,9.69,15.81
94063,06,081,06081,30949,9175,20519832,17660779,30949,9175,20519832,17660779,718451,271031,1919076205,1161371825,100,100,100,100,4.31,3.39,1.07,1.52
94065,06,081,06081,11359,4943,8008925,6313332,11359,4943,8008925,6313332,718451,271031,1919076205,1161371825,100,100,100,100,1.58,1.82,0.42,0.54
94066,06,081,06081,41130,15360,15885106,15885106,41130,15360,15885106,15885106,718451,271031,1919076205,1161371825,100,100,100,100,5.72,5.67,0.83,1.37
94070,06,081,06081,29166,12341,15912329,15905820,29166,12341,15912329,15905820,718451,271031,1919076205,1161371825,100,100,100,100,4.06,4.55,0.83,1.37
94074,06,081,06081,214,101,48085489,48020109,214,101,48085489,48020109,718451,271031,1919076205,1161371825,100,100,100,100,0.03,0.04,2.51,4.13
94080,06,081,06081,63975,21946,26906418,26623587,63975,21946,26906418,26623587,718451,271031,1919076205,1161371825,100,100,100,100,8.9,8.1,1.4,2.29
94085,06,085,06085,21247,8076,9039193,9039193,21247,8076,9039193,9039193,1781642,631920,3377518466,3341343470,100,100,100,100,1.19,1.28,0.27,0.27
94086,06,085,06085,45697,19359,11617938,11617938,45697,19359,11617938,11617938,1781642,631920,3377518466,3341343470,100,100,100,100,2.56,3.06,0.34,0.35
94087,06,085,06085,54293,20977,17048754,17048754,54293,20977,17048754,17048754,1781642,631920,3377518466,3341343470,100,100,100,100,3.05,3.32,0.5,0.51
94089,06,085,06085,19245,7530,15551988,15520469,19245,7530,15551988,15520469,1781642,631920,3377518466,3341343470,100,100,100,100,1.08,1.19,0.46,0.46
94102,06,075,06075,31176,18758,1737493,1737493,31176,18758,1737493,1737493,805235,376942,600590280,121399963,100,100,100,100,3.87,4.98,0.29,1.43
94103,06,075,06075,27170,14778,3512156,3512156,27170,14778,3512156,3512156,805235,376942,600590280,121399963,100,100,100,100,3.37,3.92,0.58,2.89
94104,06,075,06075,406,368,200977,200977,406,368,200977,200977,805235,376942,600590280,121399963,100,100,100,100,0.05,0.1,0.03,0.17
94105,06,075,06075,5846,4601,1167736,956710,5846,4601,1167736,956710,805235,376942,600590280,121399963,100,100,100,100,0.73,1.22,0.19,0.79
94107,06,075,06075,26599,15141,4875049,4640746,26599,15141,4875049,4640746,805235,376942,600590280,121399963,100,100,100,100,3.3,4.02,0.81,3.82
94108,06,075,06075,13768,8843,699434,699434,13768,8843,699434,699434,805235,376942,600590280,121399963,100,100,100,100,1.71,2.35,0.12,0.58
94109,06,075,06075,55984,37182,3372018,3076630,55984,37182,3372018,3076630,805235,376942,600590280,121399963,100,100,100,100,6.95,9.86,0.56,2.53
94110,06,075,06075,69333,28913,6034796,6022589,69333,28913,6034796,6022589,805235,376942,600590280,121399963,100,100,100,100,8.61,7.67,1,4.96
94111,06,075,06075,3713,2811,1385516,891185,3713,2811,1385516,891185,805235,376942,600590280,121399963,100,100,100,100,0.46,0.75,0.23,0.73
94112,06,075,06075,79407,23081,8712507,8712507,79407,23081,8712507,8712507,805235,376942,600590280,121399963,100,100,100,100,9.86,6.12,1.45,7.18
94114,06,075,06075,31124,17634,3691502,3691502,31124,17634,3691502,3691502,805235,376942,600590280,121399963,100,100,100,100,3.87,4.68,0.61,3.04
94115,06,075,06075,33021,18884,2889747,2889747,33021,18884,2889747,2889747,805235,376942,600590280,121399963,100,100,100,100,4.1,5.01,0.48,2.38
94116,06,075,06075,43698,16283,6793787,6696583,43698,16283,6793787,6696583,805235,376942,600590280,121399963,100,100,100,100,5.43,4.32,1.13,5.52
94117,06,075,06075,39169,19255,4372283,4370658,39169,19255,4372283,4370658,805235,376942,600590280,121399963,100,100,100,100,4.86,5.11,0.73,3.6
94118,06,075,06075,38319,18633,5106525,5047351,38319,18633,5106525,5047351,805235,376942,600590280,121399963,100,100,100,100,4.76,4.94,0.85,4.16
94121,06,075,06075,41203,18787,8042964,7981770,41203,18787,8042964,7981770,805235,376942,600590280,121399963,100,100,100,100,5.12,4.98,1.34,6.57
94122,06,075,06075,56023,23633,6122506,6122506,56023,23633,6122506,6122506,805235,376942,600590280,121399963,100,100,100,100,6.96,6.27,1.02,5.04
94123,06,075,06075,23088,15083,2866147,2643367,23088,15083,2866147,2643367,805235,376942,600590280,121399963,100,100,100,100,2.87,4,0.48,2.18
94124,06,075,06075,33996,10812,15566151,12759593,33996,10812,15566151,12759593,805235,376942,600590280,121399963,100,100,100,100,4.22,2.87,2.59,10.51
94127,06,075,06075,19289,7801,4594824,4585465,19289,7801,4594824,4585465,805235,376942,600590280,121399963,100,100,100,100,2.4,2.07,0.77,3.78
94128,06,081,06081,69,0,9126347,9108453,69,0,9126347,9108453,718451,271031,1919076205,1161371825,100,0,100,100,0.01,0,0.48,0.78
94129,06,075,06075,3183,1132,5983313,5968616,3183,1132,5983313,5968616,805235,376942,600590280,121399963,100,100,100,100,0.4,0.3,1,4.92
94130,06,075,06075,2880,786,2333737,2333737,2880,786,2333737,2333737,805235,376942,600590280,121399963,100,100,100,100,0.36,0.21,0.39,1.92
94131,06,075,06075,26881,13427,5436598,5386048,26881,13427,5436598,5386048,805235,376942,600590280,121399963,100,100,100,100,3.34,3.56,0.91,4.44
94132,06,075,06075,28129,10769,9354165,8055033,28129,10769,9354165,8055033,805235,376942,600590280,121399963,100,100,100,100,3.49,2.86,1.56,6.64
94133,06,075,06075,26237,15197,2602499,1955574,26237,15197,2602499,1955574,805235,376942,600590280,121399963,100,100,100,100,3.26,4.03,0.43,1.61
94134,06,075,06075,40798,11867,6306233,6215356,40798,11867,6306233,6215356,805235,376942,600590280,121399963,100,100,100,100,5.07,3.15,1.05,5.12
94158,06,075,06075,4792,2482,3045551,1702946,4792,2482,3045551,1702946,805235,376942,600590280,121399963,100,100,100,100,0.6,0.66,0.51,1.4
94301,06,085,06085,16995,8109,6146453,6146453,16995,8109,6146453,6146453,1781642,631920,3377518466,3341343470,100,100,100,100,0.95,1.28,0.18,0.18
94303,06,081,06081,28155,7819,6534615,6495216,45467,14551,22515438,20623192,718451,271031,1919076205,1161371825,61.92,53.74,29.02,31.49,3.92,2.88,0.34,0.56
94303,06,085,06085,17312,6732,15980823,14127976,45467,14551,22515438,20623192,1781642,631920,3377518466,3341343470,38.08,46.26,70.98,68.51,0.97,1.07,0.47,0.42
94304,06,085,06085,3627,2130,16877357,16830141,3627,2130,16877357,16830141,1781642,631920,3377518466,3341343470,100,100,100,100,0.2,0.34,0.5,0.5
94305,06,085,06085,13862,4020,13398012,13280359,13862,4020,13398012,13280359,1781642,631920,3377518466,3341343470,100,100,100,100,0.78,0.64,0.4,0.4
94306,06,085,06085,26469,11243,10843552,10843552,26469,11243,10843552,10843552,1781642,631920,3377518466,3341343470,100,100,100,100,1.49,1.78,0.32,0.32
94401,06,081,06081,34429,13518,10935607,8148342,34429,13518,10935607,8148342,718451,271031,1919076205,1161371825,100,100,100,100,4.79,4.99,0.57,0.7
94402,06,081,06081,23981,9804,12589400,12589400,23981,9804,12589400,12589400,718451,271031,1919076205,1161371825,100,100,100,100,3.34,3.62,0.66,1.08
94403,06,081,06081,39642,16371,15018089,14584661,39642,16371,15018089,14584661,718451,271031,1919076205,1161371825,100,100,100,100,5.52,6.04,0.78,1.26
94404,06,081,06081,33749,14246,12589534,11032640,33749,14246,12589534,11032640,718451,271031,1919076205,1161371825,100,100,100,100,4.7,5.26,0.66,0.95
94501,06,001,06001,60212,27087,29544769,20539466,60212,27087,29544769,20539466,1510271,582549,2127230753,1914046110,100,100,100,100,3.99,4.65,1.39,1.07
94502,06,001,06001,13600,5264,10023733,6942292,13600,5264,10023733,6942292,1510271,582549,2127230753,1914046110,100,100,100,100,0.9,0.9,0.47,0.36
94503,06,055,06055,19681,6064,40511180,33556323,19681,6064,40511180,33556323,136484,54759,2042416680,1938247338,100,100,100,100,14.42,11.07,1.98,1.73
94505,06,001,06001,74,48,2232846,2079096,13403,5452,55910749,42133370,1510271,582549,2127230753,1914046110,0.55,0.88,3.99,4.93,0,0.01,0.1,0.11
94505,06,013,06013,13329,5404,53677903,40054274,13403,5452,55910749,42133370,1049025,400263,2081754142,1854268836,99.45,99.12,96.01,95.07,1.27,1.35,2.58,2.16
94506,06,013,06013,22452,7788,48689940,48664719,22452,7788,48689940,48664719,1049025,400263,2081754142,1854268836,100,100,100,100,2.14,1.95,2.34,2.62
94507,06,013,06013,14889,5528,32888775,32888775,14889,5528,32888775,32888775,1049025,400263,2081754142,1854268836,100,100,100,100,1.42,1.38,1.58,1.77
94508,06,055,06055,3661,1213,45597850,45184656,3661,1213,45597850,45184656,136484,54759,2042416680,1938247338,100,100,100,100,2.68,2.22,2.23,2.33
94509,06,013,06013,62439,22500,46136835,42552559,62439,22500,46136835,42552559,1049025,400263,2081754142,1854268836,100,100,100,100,5.95,5.62,2.22,2.29
94510,06,095,06095,27088,11338,81098964,72389963,27088,11338,81098964,72389963,413344,152698,2347027136,2128361199,100,100,100,100,6.55,7.43,3.46,3.4
94511,06,013,06013,2137,1327,14411147,14411147,2137,1327,14411147,14411147,1049025,400263,2081754142,1854268836,100,100,100,100,0.2,0.33,0.69,0.78
94512,06,095,06095,108,41,52246100,52217895,108,41,52246100,52217895,413344,152698,2347027136,2128361199,100,100,100,100,0.03,0.03,2.23,2.45
94513,06,013,06013,54605,18644,201010195,195948049,54605,18644,201010195,195948049,1049025,400263,2081754142,1854268836,100,100,100,100,5.21,4.66,9.66,10.57
94514,06,001,06001,78,31,20251541,20088225,1360,468,74804296,74350346,1510271,582549,2127230753,1914046110,5.74,6.62,27.07,27.02,0.01,0.01,0.95,1.05
94514,06,013,06013,1282,437,54552755,54262121,1360,468,74804296,74350346,1049025,400263,2081754142,1854268836,94.26,93.38,72.93,72.98,0.12,0.11,2.62,2.93
94515,06,055,06055,6478,3166,146363367,145890691,7050,3517,274104941,273632265,136484,54759,2042416680,1938247338,91.89,90.02,53.4,53.32,4.75,5.78,7.17,7.53
94515,06,097,06097,572,351,127741574,127741574,7050,3517,274104941,273632265,483878,204572,4578960489,4081430136,8.11,9.98,46.6,46.68,0.12,0.17,2.79,3.13
94516,06,013,06013,211,91,2264979,2264979,211,91,2264979,2264979,1049025,400263,2081754142,1854268836,100,100,100,100,0.02,0.02,0.11,0.12
94517,06,013,06013,12385,4662,148195672,148195672,12385,4662,148195672,148195672,1049025,400263,2081754142,1854268836,100,100,100,100,1.18,1.16,7.12,7.99
94518,06,013,06013,26778,10638,14081235,14081235,26778,10638,14081235,14081235,1049025,400263,2081754142,1854268836,100,100,100,100,2.55,2.66,0.68,0.76
94519,06,013,06013,18453,7246,11323357,11323357,18453,7246,11323357,11323357,1049025,400263,2081754142,1854268836,100,100,100,100,1.76,1.81,0.54,0.61
94520,06,013,06013,37208,13601,26130104,26130104,37208,13601,26130104,26130104,1049025,400263,2081754142,1854268836,100,100,100,100,3.55,3.4,1.26,1.41
94521,06,013,06013,41249,16269,33572538,33572538,41249,16269,33572538,33572538,1049025,400263,2081754142,1854268836,100,100,100,100,3.93,4.06,1.61,1.81
94523,06,013,06013,33569,14505,18738956,18738956,33569,14505,18738956,18738956,1049025,400263,2081754142,1854268836,100,100,100,100,3.2,3.62,0.9,1.01
94525,06,013,06013,3127,1664,7928253,6093356,3127,1664,7928253,6093356,1049025,400263,2081754142,1854268836,100,100,100,100,0.3,0.42,0.38,0.33
94526,06,013,06013,31102,12218,38673581,38668323,31102,12218,38673581,38668323,1049025,400263,2081754142,1854268836,100,100,100,100,2.96,3.05,1.86,2.09
94528,06,013,06013,964,393,6072659,6072659,964,393,6072659,6072659,1049025,400263,2081754142,1854268836,100,100,100,100,0.09,0.1,0.29,0.33
94530,06,013,06013,23877,10914,12506021,12506021,23877,10914,12506021,12506021,1049025,400263,2081754142,1854268836,100,100,100,100,2.28,2.73,0.6,0.67
94531,06,013,06013,40290,12494,28373833,28373833,40290,12494,28373833,28373833,1049025,400263,2081754142,1854268836,100,100,100,100,3.84,3.12,1.36,1.53
94533,06,095,06095,69277,24359,56294100,55951716,69277,24359,56294100,55951716,413344,152698,2347027136,2128361199,100,100,100,100,16.76,15.95,2.4,2.63
94534,06,095,06095,36416,13331,206575162,205029594,36416,13331,206575162,205029594,413344,152698,2347027136,2128361199,100,100,100,100,8.81,8.73,8.8,9.63
94535,06,095,06095,3793,1238,9890026,9871382,3793,1238,9890026,9871382,413344,152698,2347027136,2128361199,100,100,100,100,0.92,0.81,0.42,0.46
94536,06,001,06001,68790,25068,37778959,37767267,68790,25068,37778959,37767267,1510271,582549,2127230753,1914046110,100,100,100,100,4.55,4.3,1.78,1.97
94538,06,001,06001,61148,21739,43091536,42636278,61148,21739,43091536,42636278,1510271,582549,2127230753,1914046110,100,100,100,100,4.05,3.73,2.03,2.23
94539,06,001,06001,50031,16100,65831999,65831999,50031,16100,65831999,65831999,1510271,582549,2127230753,1914046110,100,100,100,100,3.31,2.76,3.09,3.44
94541,06,001,06001,61635,21989,19304888,19243298,61635,21989,19304888,19243298,1510271,582549,2127230753,1914046110,100,100,100,100,4.08,3.77,0.91,1.01
94542,06,001,06001,12717,4595,14773416,14773416,12717,4595,14773416,14773416,1510271,582549,2127230753,1914046110,100,100,100,100,0.84,0.79,0.69,0.77
94544,06,001,06001,73026,23308,28378433,28378433,73026,23308,28378433,28378433,1510271,582549,2127230753,1914046110,100,100,100,100,4.84,4,1.33,1.48
94545,06,001,06001,29707,9477,63015014,55787089,29707,9477,63015014,55787089,1510271,582549,2127230753,1914046110,100,100,100,100,1.97,1.63,2.96,2.91
94546,06,001,06001,42209,16929,25085713,24404738,42209,16929,25085713,24404738,1510271,582549,2127230753,1914046110,100,100,100,100,2.79,2.91,1.18,1.28
94547,06,013,06013,24092,8569,16238329,14095493,24092,8569,16238329,14095493,1049025,400263,2081754142,1854268836,100,100,100,100,2.3,2.14,0.78,0.76
94548,06,013,06013,412,172,7279967,7157010,412,172,7279967,7157010,1049025,400263,2081754142,1854268836,100,100,100,100,0.04,0.04,0.35,0.39
94549,06,013,06013,26864,10896,50177606,49746404,26864,10896,50177606,49746404,1049025,400263,2081754142,1854268836,100,100,100,100,2.56,2.72,2.41,2.68
94550,06,001,06001,46766,17763,409753502,405632788,46896,17858,607075870,602772633,1510271,582549,2127230753,1914046110,99.72,99.47,67.5,67.29,3.1,3.05,19.26,21.19
94550,06,085,06085,130,95,197322368,197139845,46896,17858,607075870,602772633,1781642,631920,3377518466,3341343470,0.28,0.53,32.5,32.71,0.01,0.02,5.84,5.9
94551,06,001,06001,36661,13483,137039040,136948409,36867,13566,204480607,204389976,1510271,582549,2127230753,1914046110,99.44,99.39,67.02,67,2.43,2.31,6.44,7.15
94551,06,013,06013,206,83,67441567,67441567,36867,13566,204480607,204389976,1049025,400263,2081754142,1854268836,0.56,0.61,32.98,33,0.02,0.02,3.24,3.64
94552,06,001,06001,14454,5067,116340860,116286622,14454,5067,116340860,116286622,1510271,582549,2127230753,1914046110,100,100,100,100,0.96,0.87,5.47,6.08
94553,06,013,06013,47065,19581,133448296,126758554,47065,19581,133448296,126758554,1049025,400263,2081754142,1854268836,100,100,100,100,4.49,4.89,6.41,6.84
94555,06,001,06001,34143,11096,33728928,30070498,34143,11096,33728928,30070498,1510271,582549,2127230753,1914046110,100,100,100,100,2.26,1.9,1.59,1.57
94556,06,013,06013,15229,5817,31722307,31722307,15229,5817,31722307,31722307,1049025,400263,2081754142,1854268836,100,100,100,100,1.45,1.45,1.52,1.71
94558,06,055,06055,66830,27133,1000272770,921414306,66830,27133,1000272770,921414306,136484,54759,2042416680,1938247338,100,100,100,100,48.97,49.55,48.97,47.54
94559,06,055,06055,27184,11014,100683876,94910435,27184,11014,100683876,94910435,136484,54759,2042416680,1938247338,100,100,100,100,19.92,20.11,4.93,4.9
94560,06,001,06001,42573,13414,35818395,35757865,42573,13414,35818395,35757865,1510271,582549,2127230753,1914046110,100,100,100,100,2.82,2.3,1.68,1.87
94561,06,013,06013,36515,12080,46369297,43839147,36515,12080,46369297,43839147,1049025,400263,2081754142,1854268836,100,100,100,100,3.48,3.02,2.23,2.36
94563,06,013,06013,17672,6816,44752114,44713551,17672,6816,44752114,44713551,1049025,400263,2081754142,1854268836,100,100,100,100,1.68,1.7,2.15,2.41
94564,06,013,06013,18287,7127,15662662,14477578,18287,7127,15662662,14477578,1049025,400263,2081754142,1854268836,100,100,100,100,1.74,1.78,0.75,0.78
94565,06,013,06013,84641,27897,87774027,78214477,84641,27897,87774027,78214477,1049025,400263,2081754142,1854268836,100,100,100,100,8.07,6.97,4.22,4.22
94566,06,001,06001,40884,15329,51183458,50788269,40884,15329,51183458,50788269,1510271,582549,2127230753,1914046110,100,100,100,100,2.71,2.63,2.41,2.65
94567,06,055,06055,623,312,346614875,340358151,623,312,346614875,340358151,136484,54759,2042416680,1938247338,100,100,100,100,0.46,0.57,16.97,17.56
94568,06,001,06001,46016,15773,39599489,39588086,46016,15773,39599489,39588086,1510271,582549,2127230753,1914046110,100,100,100,100,3.05,2.71,1.86,2.07
94569,06,013,06013,198,115,6127472,6127472,198,115,6127472,6127472,1049025,400263,2081754142,1854268836,100,100,100,100,0.02,0.03,0.29,0.33
94571,06,067,06067,242,144,97763184,61165093,7911,4149,358300535,304636842,1418788,555932,2574492918,2498415670,3.06,3.47,27.29,20.08,0.02,0.03,3.8,2.45
94571,06,095,06095,7669,4005,260537351,243471749,7911,4149,358300535,304636842,413344,152698,2347027136,2128361199,96.94,96.53,72.71,79.92,1.86,2.62,11.1,11.44
94572,06,013,06013,8684,3130,13536319,11244845,8684,3130,13536319,11244845,1049025,400263,2081754142,1854268836,100,100,100,100,0.83,0.78,0.65,0.61
94573,06,055,06055,94,53,2585502,2577621,94,53,2585502,2577621,136484,54759,2042416680,1938247338,100,100,100,100,0.07,0.1,0.13,0.13
94574,06,055,06055,8742,4406,336407576,330994478,8742,4406,336407576,330994478,136484,54759,2042416680,1938247338,100,100,100,100,6.41,8.05,16.47,17.08
94575,06,013,06013,974,1,456695,433794,974,1,456695,433794,1049025,400263,2081754142,1854268836,100,100,100,100,0.09,0,0.02,0.02
94576,06,055,06055,164,84,956949,956949,164,84,956949,956949,136484,54759,2042416680,1938247338,100,100,100,100,0.12,0.15,0.05,0.05
94577,06,001,06001,45560,17714,24647370,21107125,45560,17714,24647370,21107125,1510271,582549,2127230753,1914046110,100,100,100,100,3.02,3.04,1.16,1.1
94578,06,001,06001,38558,14808,11406269,11406269,38558,14808,11406269,11406269,1510271,582549,2127230753,1914046110,100,100,100,100,2.55,2.54,0.54,0.6
94579,06,001,06001,20571,7019,8113265,8113265,20571,7019,8113265,8113265,1510271,582549,2127230753,1914046110,100,100,100,100,1.36,1.2,0.38,0.42
94580,06,001,06001,27152,8958,8946888,8929836,27152,8958,8946888,8929836,1510271,582549,2127230753,1914046110,100,100,100,100,1.8,1.54,0.42,0.47
94582,06,013,06013,38537,13345,33704760,33663078,38537,13345,33704760,33663078,1049025,400263,2081754142,1854268836,100,100,100,100,3.67,3.33,1.62,1.82
94583,06,013,06013,34859,13282,38728611,38727298,34859,13282,38728611,38727298,1049025,400263,2081754142,1854268836,100,100,100,100,3.32,3.32,1.86,2.09
94585,06,095,06095,28263,9511,303743681,291131232,28263,9511,303743681,291131232,413344,152698,2347027136,2128361199,100,100,100,100,6.84,6.23,12.94,13.68
94586,06,001,06001,925,398,153885998,151891060,925,398,153885998,151891060,1510271,582549,2127230753,1914046110,100,100,100,100,0.06,0.07,7.23,7.94
94587,06,001,06001,69516,21258,51075108,51075108,69516,21258,51075108,51075108,1510271,582549,2127230753,1914046110,100,100,100,100,4.6,3.65,2.4,2.67
94588,06,001,06001,30440,11123,45800136,45800136,30842,11263,84547541,84547541,1510271,582549,2127230753,1914046110,98.7,98.76,54.17,54.17,2.02,1.91,2.15,2.39
94588,06,013,06013,402,140,38747405,38747405,30842,11263,84547541,84547541,1049025,400263,2081754142,1854268836,1.3,1.24,45.83,45.83,0.04,0.03,1.86,2.09
94589,06,055,06055,6,4,14828885,14809878,29876,9973,30021009,29676409,136484,54759,2042416680,1938247338,0.02,0.04,49.4,49.9,0,0.01,0.73,0.76
94589,06,095,06095,29870,9969,15192124,14866531,29876,9973,30021009,29676409,413344,152698,2347027136,2128361199,99.98,99.96,50.6,50.1,7.23,6.53,0.65,0.7
94590,06,095,06095,35420,15729,17910910,15395883,35420,15729,17910910,15395883,413344,152698,2347027136,2128361199,100,100,100,100,8.57,10.3,0.76,0.72
94591,06,095,06095,53042,19644,57765591,55883798,53042,19644,57765591,55883798,413344,152698,2347027136,2128361199,100,100,100,100,12.83,12.86,2.46,2.63
94592,06,095,06095,742,319,10969482,10953975,742,319,10969482,10953975,413344,152698,2347027136,2128361199,100,100,100,100,0.18,0.21,0.47,0.51
94595,06,013,06013,16425,10261,13930717,13930717,16425,10261,13930717,13930717,1049025,400263,2081754142,1854268836,100,100,100,100,1.57,2.56,0.67,0.75
94596,06,013,06013,20037,10198,15448709,15448709,20037,10198,15448709,15448709,1049025,400263,2081754142,1854268836,100,100,100,100,1.91,2.55,0.74,0.83
94597,06,013,06013,20277,10181,10139311,10139311,20277,10181,10139311,10139311,1049025,400263,2081754142,1854268836,100,100,100,100,1.93,2.54,0.49,0.55
94598,06,013,06013,25818,10756,39524900,39493625,25818,10756,39524900,39493625,1049025,400263,2081754142,1854268836,100,100,100,100,2.46,2.69,1.9,2.13
94599,06,055,06055,3021,1310,7593850,7593850,3021,1310,7593850,7593850,136484,54759,2042416680,1938247338,100,100,100,100,2.21,2.39,0.37,0.39
94601,06,001,06001,50294,16362,8721642,8410939,50294,16362,8721642,8410939,1510271,582549,2127230753,1914046110,100,100,100,100,3.33,2.81,0.41,0.44
94602,06,001,06001,28329,12498,8634560,8557026,28329,12498,8634560,8557026,1510271,582549,2127230753,1914046110,100,100,100,100,1.88,2.15,0.41,0.45
94603,06,001,06001,31403,9950,8445735,8445735,31403,9950,8445735,8445735,1510271,582549,2127230753,1914046110,100,100,100,100,2.08,1.71,0.4,0.44
94605,06,001,06001,39016,16360,23335944,23196747,39016,16360,23335944,23196747,1510271,582549,2127230753,1914046110,100,100,100,100,2.58,2.81,1.1,1.21
94606,06,001,06001,36672,16289,6489029,5922461,36672,16289,6489029,5922461,1510271,582549,2127230753,1914046110,100,100,100,100,2.43,2.8,0.31,0.31
94607,06,001,06001,24978,12086,18337845,15275654,24978,12086,18337845,15275654,1510271,582549,2127230753,1914046110,100,100,100,100,1.65,2.07,0.86,0.8
94608,06,001,06001,28019,15101,8836116,7090119,28019,15101,8836116,7090119,1510271,582549,2127230753,1914046110,100,100,100,100,1.86,2.59,0.42,0.37
94609,06,001,06001,20596,10348,4424277,4424277,20596,10348,4424277,4424277,1510271,582549,2127230753,1914046110,100,100,100,100,1.36,1.78,0.21,0.23
94610,06,001,06001,29287,16450,6258744,5656311,29287,16450,6258744,5656311,1510271,582549,2127230753,1914046110,100,100,100,100,1.94,2.82,0.29,0.3
94611,06,001,06001,36521,17971,18928806,18923665,36565,17999,27357321,27352180,1510271,582549,2127230753,1914046110,99.88,99.84,69.19,69.19,2.42,3.08,0.89,0.99
94611,06,013,06013,44,28,8428515,8428515,36565,17999,27357321,27352180,1049025,400263,2081754142,1854268836,0.12,0.16,30.81,30.81,0,0.01,0.4,0.45
94612,06,001,06001,14389,8921,2205251,2205251,14389,8921,2205251,2205251,1510271,582549,2127230753,1914046110,100,100,100,100,0.95,1.53,0.1,0.12
94613,06,001,06001,715,5,656685,656685,715,5,656685,656685,1510271,582549,2127230753,1914046110,100,100,100,100,0.05,0,0.03,0.03
94618,06,001,06001,16046,7698,6306772,6281500,16046,7698,6306772,6281500,1510271,582549,2127230753,1914046110,100,100,100,100,1.06,1.32,0.3,0.33
94619,06,001,06001,23299,9644,44251343,40532270,23299,9644,44251343,40532270,1510271,582549,2127230753,1914046110,100,100,100,100,1.54,1.66,2.08,2.12
94621,06,001,06001,29870,9689,24735263,20144786,29870,9689,24735263,20144786,1510271,582549,2127230753,1914046110,100,100,100,100,1.98,1.66,1.16,1.05
94702,06,001,06001,15979,7959,3299367,3299367,15979,7959,3299367,3299367,1510271,582549,2127230753,1914046110,100,100,100,100,1.06,1.37,0.16,0.17
94703,06,001,06001,19846,9468,3460814,3460814,19846,9468,3460814,3460814,1510271,582549,2127230753,1914046110,100,100,100,100,1.31,1.63,0.16,0.18
94704,06,001,06001,25592,9683,2769877,2769877,25592,9683,2769877,2769877,1510271,582549,2127230753,1914046110,100,100,100,100,1.69,1.66,0.13,0.14
94705,06,001,06001,12762,6133,8558635,8558635,12762,6133,8558635,8558635,1510271,582549,2127230753,1914046110,100,100,100,100,0.85,1.05,0.4,0.45
94706,06,001,06001,19611,8426,3814094,3814094,19615,8429,3823559,3823559,1510271,582549,2127230753,1914046110,99.98,99.96,99.75,99.75,1.3,1.45,0.18,0.2
94706,06,013,06013,4,3,9465,9465,19615,8429,3823559,3823559,1049025,400263,2081754142,1854268836,0.02,0.04,0.25,0.25,0,0,0,0
94707,06,001,06001,8932,3964,2906067,2906067,11710,5198,4390733,4390733,1510271,582549,2127230753,1914046110,76.28,76.26,66.19,66.19,0.59,0.68,0.14,0.15
94707,06,013,06013,2778,1234,1484666,1484666,11710,5198,4390733,4390733,1049025,400263,2081754142,1854268836,23.72,23.74,33.81,33.81,0.26,0.31,0.07,0.08
94708,06,001,06001,8715,3990,3600417,3595273,10985,5047,8820213,8784938,1510271,582549,2127230753,1914046110,79.34,79.06,40.82,40.93,0.58,0.68,0.17,0.19
94708,06,013,06013,2270,1057,5219796,5189665,10985,5047,8820213,8784938,1049025,400263,2081754142,1854268836,20.66,20.94,59.18,59.07,0.22,0.26,0.25,0.28
94709,06,001,06001,11806,5605,1522484,1522484,11806,5605,1522484,1522484,1510271,582549,2127230753,1914046110,100,100,100,100,0.78,0.96,0.07,0.08
94710,06,001,06001,6948,2937,11430367,5566008,6948,2937,11430367,5566008,1510271,582549,2127230753,1914046110,100,100,100,100,0.46,0.5,0.54,0.29
94720,06,001,06001,2964,105,1612536,1612536,2964,105,1612536,1612536,1510271,582549,2127230753,1914046110,100,100,100,100,0.2,0.02,0.08,0.08
94801,06,013,06013,29395,10221,45692751,29210775,29395,10221,45692751,29210775,1049025,400263,2081754142,1854268836,100,100,100,100,2.8,2.55,2.19,1.58
94803,06,013,06013,24904,9675,30223793,30223793,24904,9675,30223793,30223793,1049025,400263,2081754142,1854268836,100,100,100,100,2.37,2.42,1.45,1.63
94804,06,013,06013,38559,15257,22860030,16002841,38559,15257,22860030,16002841,1049025,400263,2081754142,1854268836,100,100,100,100,3.68,3.81,1.1,0.86
94805,06,013,06013,13648,5446,5142991,5142991,13648,5446,5142991,5142991,1049025,400263,2081754142,1854268836,100,100,100,100,1.3,1.36,0.25,0.28
94806,06,013,06013,59861,20531,22177759,21583495,59861,20531,22177759,21583495,1049025,400263,2081754142,1854268836,100,100,100,100,5.71,5.13,1.07,1.16
94850,06,013,06013,0,0,142901,109969,0,0,142901,109969,1049025,400263,2081754142,1854268836,0,0,100,100,0,0,0.01,0.01
94901,06,041,06041,41157,16408,43878279,34087837,41157,16408,43878279,34087837,252409,111214,2145005954,1347585521,100,100,100,100,16.31,14.75,2.05,2.53
94903,06,041,06041,29040,12603,53581014,51941338,29040,12603,53581014,51941338,252409,111214,2145005954,1347585521,100,100,100,100,11.51,11.33,2.5,3.85
94904,06,041,06041,11995,5759,19178018,18763550,11995,5759,19178018,18763550,252409,111214,2145005954,1347585521,100,100,100,100,4.75,5.18,0.89,1.39
94920,06,041,06041,12474,5817,30597382,16917954,12474,5817,30597382,16917954,252409,111214,2145005954,1347585521,100,100,100,100,4.94,5.23,1.43,1.26
94922,06,097,06097,425,212,31987814,31919856,425,212,31987814,31919856,483878,204572,4578960489,4081430136,100,100,100,100,0.09,0.1,0.7,0.78
94923,06,097,06097,1411,1449,59195372,55431799,1411,1449,59195372,55431799,483878,204572,4578960489,4081430136,100,100,100,100,0.29,0.71,1.29,1.36
94924,06,041,06041,1638,995,70790154,59879387,1638,995,70790154,59879387,252409,111214,2145005954,1347585521,100,100,100,100,0.65,0.89,3.3,4.44
94925,06,041,06041,9253,4026,10953921,8193476,9253,4026,10953921,8193476,252409,111214,2145005954,1347585521,100,100,100,100,3.67,3.62,0.51,0.61
94928,06,097,06097,43170,16594,19951956,19951956,43170,16594,19951956,19951956,483878,204572,4578960489,4081430136,100,100,100,100,8.92,8.11,0.44,0.49
94929,06,041,06041,264,426,2749903,2749903,264,426,2749903,2749903,252409,111214,2145005954,1347585521,100,100,100,100,0.1,0.38,0.13,0.2
94930,06,041,06041,8500,4023,42287227,41237691,8500,4023,42287227,41237691,252409,111214,2145005954,1347585521,100,100,100,100,3.37,3.62,1.97,3.06
94931,06,097,06097,8470,3677,16481637,16452622,8470,3677,16481637,16452622,483878,204572,4578960489,4081430136,100,100,100,100,1.75,1.8,0.36,0.4
94933,06,041,06041,865,421,2835008,2835008,865,421,2835008,2835008,252409,111214,2145005954,1347585521,100,100,100,100,0.34,0.38,0.13,0.21
94937,06,041,06041,837,762,137029820,107741785,837,762,137029820,107741785,252409,111214,2145005954,1347585521,100,100,100,100,0.33,0.69,6.39,8
94938,06,041,06041,812,417,27406981,27406981,812,417,27406981,27406981,252409,111214,2145005954,1347585521,100,100,100,100,0.32,0.37,1.28,2.03
94939,06,041,06041,6859,3582,5789279,5536933,6859,3582,5789279,5536933,252409,111214,2145005954,1347585521,100,100,100,100,2.72,3.22,0.27,0.41
94940,06,041,06041,268,197,68692902,58977903,268,197,68692902,58977903,252409,111214,2145005954,1347585521,100,100,100,100,0.11,0.18,3.2,4.38
94941,06,041,06041,30496,14108,59457825,57584368,30496,14108,59457825,57584368,252409,111214,2145005954,1347585521,100,100,100,100,12.08,12.69,2.77,4.27
94945,06,041,06041,17167,7020,69582147,67357203,17167,7020,69582147,67357203,252409,111214,2145005954,1347585521,100,100,100,100,6.8,6.31,3.24,5
94946,06,041,06041,699,351,116719942,113128397,699,351,116719942,113128397,252409,111214,2145005954,1347585521,100,100,100,100,0.28,0.32,5.44,8.39
94947,06,041,06041,24283,9772,59291862,58778749,24283,9772,59291862,58778749,252409,111214,2145005954,1347585521,100,100,100,100,9.62,8.79,2.76,4.36
94949,06,041,06041,17202,7282,42097333,38918837,17202,7282,42097333,38918837,252409,111214,2145005954,1347585521,100,100,100,100,6.82,6.55,1.96,2.89
94950,06,041,06041,89,54,22279973,22279973,89,54,22279973,22279973,252409,111214,2145005954,1347585521,100,100,100,100,0.04,0.05,1.04,1.65
94951,06,097,06097,4124,1794,37958330,37958330,4124,1794,37958330,37958330,483878,204572,4578960489,4081430136,100,100,100,100,0.85,0.88,0.83,0.93
94952,06,041,06041,669,316,218444341,217763240,32858,13904,469818998,466820751,252409,111214,2145005954,1347585521,2.04,2.27,46.5,46.65,0.27,0.28,10.18,16.16
94952,06,097,06097,32189,13588,251374657,249057511,32858,13904,469818998,466820751,483878,204572,4578960489,4081430136,97.96,97.73,53.5,53.35,6.65,6.64,5.49,6.1
94954,06,097,06097,37365,13915,166459147,160575265,37365,13915,166459147,160575265,483878,204572,4578960489,4081430136,100,100,100,100,7.72,6.8,3.64,3.93
94956,06,041,06041,1756,1064,180448975,151282609,1756,1064,180448975,151282609,252409,111214,2145005954,1347585521,100,100,100,100,0.7,0.96,8.41,11.23
94957,06,041,06041,1332,475,2963524,2963524,1332,475,2963524,2963524,252409,111214,2145005954,1347585521,100,100,100,100,0.53,0.43,0.14,0.22
94960,06,041,06041,15740,6791,15368189,15368189,15740,6791,15368189,15368189,252409,111214,2145005954,1347585521,100,100,100,100,6.24,6.11,0.72,1.14
94963,06,041,06041,569,259,6894481,6894481,569,259,6894481,6894481,252409,111214,2145005954,1347585521,100,100,100,100,0.23,0.23,0.32,0.51
94964,06,041,06041,5094,115,1009696,1009696,5094,115,1009696,1009696,252409,111214,2145005954,1347585521,100,100,100,100,2.02,0.1,0.05,0.07
94965,06,041,06041,10847,6466,46129939,35020350,10847,6466,46129939,35020350,252409,111214,2145005954,1347585521,100,100,100,100,4.3,5.81,2.15,2.6
94970,06,041,06041,683,818,18019764,18019764,683,818,18019764,18019764,252409,111214,2145005954,1347585521,100,100,100,100,0.27,0.74,0.84,1.34
94971,06,041,06041,337,181,37024677,32062021,337,181,37024677,32062021,252409,111214,2145005954,1347585521,100,100,100,100,0.13,0.16,1.73,2.38
94972,06,041,06041,52,28,32913976,29959646,52,28,32913976,29959646,252409,111214,2145005954,1347585521,100,100,100,100,0.02,0.03,1.53,2.22
94973,06,041,06041,1429,677,10318686,10318686,1429,677,10318686,10318686,252409,111214,2145005954,1347585521,100,100,100,100,0.57,0.61,0.48,0.77
95002,06,085,06085,2077,614,36980052,31006231,2077,614,36980052,31006231,1781642,631920,3377518466,3341343470,100,100,100,100,0.12,0.1,1.09,0.93
95003,06,087,06087,23974,11719,94570800,91033228,23974,11719,94570800,91033228,262382,104476,1572554884,1152986019,100,100,100,100,9.14,11.22,6.01,7.9
95004,06,053,06053,2380,838,23164019,23128682,3918,1412,47060646,47013437,415057,139048,9767417220,8496702738,60.75,59.35,49.22,49.2,0.57,0.6,0.24,0.27
95004,06,069,06069,1538,574,23896627,23884755,3918,1412,47060646,47013437,55269,17870,3601297341,3596742302,39.25,40.65,50.78,50.8,2.78,3.21,0.66,0.66
95005,06,087,06087,6311,2705,31596048,30929047,6311,2705,31596048,30929047,262382,104476,1572554884,1152986019,100,100,100,100,2.41,2.59,2.01,2.68
95006,06,087,06087,8979,4518,138563087,138550364,8979,4518,138563087,138550364,262382,104476,1572554884,1152986019,100,100,100,100,3.42,4.32,8.81,12.02
95007,06,087,06087,676,300,1482252,1482252,676,300,1482252,1482252,262382,104476,1572554884,1152986019,100,100,100,100,0.26,0.29,0.09,0.13
95008,06,085,06085,45260,19410,16789494,16543756,45260,19410,16789494,16543756,1781642,631920,3377518466,3341343470,100,100,100,100,2.54,3.07,0.5,0.5
95010,06,087,06087,9137,5127,4252210,3554436,9137,5127,4252210,3554436,262382,104476,1572554884,1152986019,100,100,100,100,3.48,4.91,0.27,0.31
95012,06,053,06053,10320,2765,40706054,38655375,10320,2765,40706054,38655375,415057,139048,9767417220,8496702738,100,100,100,100,2.49,1.99,0.42,0.45
95013,06,085,06085,80,32,3954839,3954839,80,32,3954839,3954839,1781642,631920,3377518466,3341343470,100,100,100,100,0,0.01,0.12,0.12
95014,06,085,06085,60717,22035,70088747,69748879,60717,22035,70088747,69748879,1781642,631920,3377518466,3341343470,100,100,100,100,3.41,3.49,2.08,2.09
95017,06,087,06087,834,391,136458647,129510756,834,391,136458647,129510756,262382,104476,1572554884,1152986019,100,100,100,100,0.32,0.37,8.68,11.23
95018,06,087,06087,7778,3642,48687752,48687752,7778,3642,48687752,48687752,262382,104476,1572554884,1152986019,100,100,100,100,2.96,3.49,3.1,4.22
95019,06,087,06087,7727,2061,3144664,3144664,7727,2061,3144664,3144664,262382,104476,1572554884,1152986019,100,100,100,100,2.94,1.97,0.2,0.27
95020,06,085,06085,57349,17629,406188984,403878926,57349,17629,406188984,403878926,1781642,631920,3377518466,3341343470,100,100,100,100,3.22,2.79,12.03,12.09
95023,06,069,06069,48655,15229,744117262,742880518,48841,15301,1069932758,1067981566,55269,17870,3601297341,3596742302,99.62,99.53,69.55,69.56,88.03,85.22,20.66,20.65
95023,06,085,06085,186,72,325815496,325101048,48841,15301,1069932758,1067981566,1781642,631920,3377518466,3341343470,0.38,0.47,30.45,30.44,0.01,0.01,9.65,9.73
95030,06,085,06085,12791,5711,27046433,27046433,12791,5711,27046433,27046433,1781642,631920,3377518466,3341343470,100,100,100,100,0.72,0.9,0.8,0.81
95032,06,085,06085,25089,10568,41501635,41143975,25089,10568,41501635,41143975,1781642,631920,3377518466,3341343470,100,100,100,100,1.41,1.67,1.23,1.23
95033,06,085,06085,4083,1762,116315192,114438258,9372,4135,239366484,237460748,1781642,631920,3377518466,3341343470,43.57,42.61,48.59,48.19,0.23,0.28,3.44,3.42
95033,06,087,06087,5289,2373,123051292,123022490,9372,4135,239366484,237460748,262382,104476,1572554884,1152986019,56.43,57.39,51.41,51.81,2.02,2.27,7.82,10.67
95035,06,085,06085,66943,19874,60355736,60201550,66943,19874,60355736,60201550,1781642,631920,3377518466,3341343470,100,100,100,100,3.76,3.15,1.79,1.8
95037,06,085,06085,45579,15626,636490658,630183859,45579,15626,636490658,630183859,1781642,631920,3377518466,3341343470,100,100,100,100,2.56,2.47,18.84,18.86
95039,06,053,06053,1377,460,43214698,38187112,1377,460,43214698,38187112,415057,139048,9767417220,8496702738,100,100,100,100,0.33,0.33,0.44,0.45
95041,06,087,06087,160,88,104883,104883,160,88,104883,104883,262382,104476,1572554884,1152986019,100,100,100,100,0.06,0.08,0.01,0.01
95043,06,069,06069,639,366,2226430518,2223642050,639,366,2226430518,2223642050,55269,17870,3601297341,3596742302,100,100,100,100,1.16,2.05,61.82,61.82
95045,06,069,06069,4046,1542,122868838,122780227,4046,1542,122868838,122780227,55269,17870,3601297341,3596742302,100,100,100,100,7.32,8.63,3.41,3.41
95046,06,085,06085,6417,1954,50560753,50452242,6417,1954,50560753,50452242,1781642,631920,3377518466,3341343470,100,100,100,100,0.36,0.31,1.5,1.51
95050,06,085,06085,35923,14855,13667199,13667199,35923,14855,13667199,13667199,1781642,631920,3377518466,3341343470,100,100,100,100,2.02,2.35,0.4,0.41
95051,06,085,06085,54327,21119,17244623,17244623,54327,21119,17244623,17244623,1781642,631920,3377518466,3341343470,100,100,100,100,3.05,3.34,0.51,0.52
95053,06,085,06085,2206,21,442035,442035,2206,21,442035,442035,1781642,631920,3377518466,3341343470,100,100,100,100,0.12,0,0.01,0.01
95054,06,085,06085,23364,8891,16222835,16222835,23364,8891,16222835,16222835,1781642,631920,3377518466,3341343470,100,100,100,100,1.31,1.41,0.48,0.49
95060,06,087,06087,46377,19875,184209416,175669268,46377,19875,184209416,175669268,262382,104476,1572554884,1152986019,100,100,100,100,17.68,19.02,11.71,15.24
95062,06,087,06087,36079,16919,16365940,13072397,36079,16919,16365940,13072397,262382,104476,1572554884,1152986019,100,100,100,100,13.75,16.19,1.04,1.13
95064,06,087,06087,7331,403,4857960,4857960,7331,403,4857960,4857960,262382,104476,1572554884,1152986019,100,100,100,100,2.79,0.39,0.31,0.42
95065,06,087,06087,8113,3361,28979514,28979514,8113,3361,28979514,28979514,262382,104476,1572554884,1152986019,100,100,100,100,3.09,3.22,1.84,2.51
95066,06,087,06087,14749,5975,49084675,49084675,14749,5975,49084675,49084675,262382,104476,1572554884,1152986019,100,100,100,100,5.62,5.72,3.12,4.26
95070,06,085,06085,30617,11379,66094871,66031411,30617,11379,66094871,66031411,1781642,631920,3377518466,3341343470,100,100,100,100,1.72,1.8,1.96,1.98
95073,06,087,06087,10154,4334,54910802,54910802,10154,4334,54910802,54910802,262382,104476,1572554884,1152986019,100,100,100,100,3.87,4.15,3.49,4.76
95075,06,069,06069,331,122,241277365,240884437,331,122,241277365,240884437,55269,17870,3601297341,3596742302,100,100,100,100,0.6,0.68,6.7,6.7
95076,06,053,06053,13677,3610,83982666,83390144,82474,24331,360536430,353788509,415057,139048,9767417220,8496702738,16.58,14.84,23.29,23.57,3.3,2.6,0.86,0.98
95076,06,085,06085,83,36,14006834,14006834,82474,24331,360536430,353788509,1781642,631920,3377518466,3341343470,0.1,0.15,3.88,3.96,0,0.01,0.41,0.42
95076,06,087,06087,68714,20685,262546930,256391531,82474,24331,360536430,353788509,262382,104476,1572554884,1152986019,83.32,85.02,72.82,72.47,26.19,19.8,16.7,22.24
95110,06,085,06085,18730,6339,12086351,12086351,18730,6339,12086351,12086351,1781642,631920,3377518466,3341343470,100,100,100,100,1.05,1,0.36,0.36
95111,06,085,06085,58466,15511,13987554,13969546,58466,15511,13987554,13969546,1781642,631920,3377518466,3341343470,100,100,100,100,3.28,2.45,0.41,0.42
95112,06,085,06085,55927,20763,18370035,18370035,55927,20763,18370035,18370035,1781642,631920,3377518466,3341343470,100,100,100,100,3.14,3.29,0.54,0.55
95113,06,085,06085,893,992,883438,883438,893,992,883438,883438,1781642,631920,3377518466,3341343470,100,100,100,100,0.05,0.16,0.03,0.03
95116,06,085,06085,51496,13663,9273431,9273431,51496,13663,9273431,9273431,1781642,631920,3377518466,3341343470,100,100,100,100,2.89,2.16,0.27,0.28
95117,06,085,06085,30067,11263,6659925,6659925,30067,11263,6659925,6659925,1781642,631920,3377518466,3341343470,100,100,100,100,1.69,1.78,0.2,0.2
95118,06,085,06085,31932,11544,10735870,10735870,31932,11544,10735870,10735870,1781642,631920,3377518466,3341343470,100,100,100,100,1.79,1.83,0.32,0.32
95119,06,085,06085,9970,3200,7335345,7327319,9970,3200,7335345,7327319,1781642,631920,3377518466,3341343470,100,100,100,100,0.56,0.51,0.22,0.22
95120,06,085,06085,37457,12785,104820158,102966010,37457,12785,104820158,102966010,1781642,631920,3377518466,3341343470,100,100,100,100,2.1,2.02,3.1,3.08
95121,06,085,06085,37469,9625,11479041,11479041,37469,9625,11479041,11479041,1781642,631920,3377518466,3341343470,100,100,100,100,2.1,1.52,0.34,0.34
95122,06,085,06085,56545,12702,12351716,12351716,56545,12702,12351716,12351716,1781642,631920,3377518466,3341343470,100,100,100,100,3.17,2.01,0.37,0.37
95123,06,085,06085,62228,22035,21552343,21542559,62228,22035,21552343,21542559,1781642,631920,3377518466,3341343470,100,100,100,100,3.49,3.49,0.64,0.64
95124,06,085,06085,47082,17345,17015453,17015453,47082,17345,17015453,17015453,1781642,631920,3377518466,3341343470,100,100,100,100,2.64,2.74,0.5,0.51
95125,06,085,06085,51939,21640,20732334,20732334,51939,21640,20732334,20732334,1781642,631920,3377518466,3341343470,100,100,100,100,2.92,3.42,0.61,0.62
95126,06,085,06085,31049,13815,8501814,8501814,31049,13815,8501814,8501814,1781642,631920,3377518466,3341343470,100,100,100,100,1.74,2.19,0.25,0.25
95127,06,085,06085,61325,16416,33699820,33699820,61325,16416,33699820,33699820,1781642,631920,3377518466,3341343470,100,100,100,100,3.44,2.6,1,1.01
95128,06,085,06085,34836,14295,10111701,10111701,34836,14295,10111701,10111701,1781642,631920,3377518466,3341343470,100,100,100,100,1.96,2.26,0.3,0.3
95129,06,085,06085,38720,14517,11686153,11686153,38720,14517,11686153,11686153,1781642,631920,3377518466,3341343470,100,100,100,100,2.17,2.3,0.35,0.35
95130,06,085,06085,13911,5175,4034677,4034677,13911,5175,4034677,4034677,1781642,631920,3377518466,3341343470,100,100,100,100,0.78,0.82,0.12,0.12
95131,06,085,06085,28565,9231,15058227,15058227,28565,9231,15058227,15058227,1781642,631920,3377518466,3341343470,100,100,100,100,1.6,1.46,0.45,0.45
95132,06,085,06085,40299,11899,137255444,132004424,40299,11899,137255444,132004424,1781642,631920,3377518466,3341343470,100,100,100,100,2.26,1.88,4.06,3.95
95133,06,085,06085,25401,7651,8241772,8241772,25401,7651,8241772,8241772,1781642,631920,3377518466,3341343470,100,100,100,100,1.43,1.21,0.24,0.25
95134,06,085,06085,15268,7068,25312872,24563311,15268,7068,25312872,24563311,1781642,631920,3377518466,3341343470,100,100,100,100,0.86,1.12,0.75,0.74
95135,06,085,06085,20120,7373,79233623,79227374,20120,7373,79233623,79227374,1781642,631920,3377518466,3341343470,100,100,100,100,1.13,1.17,2.35,2.37
95136,06,085,06085,42989,15448,12272832,12260084,42989,15448,12272832,12260084,1781642,631920,3377518466,3341343470,100,100,100,100,2.41,2.44,0.36,0.37
95138,06,085,06085,18889,5891,67519790,67519790,18889,5891,67519790,67519790,1781642,631920,3377518466,3341343470,100,100,100,100,1.06,0.93,2,2.02
95139,06,085,06085,6748,2260,3188071,3188071,6748,2260,3188071,3188071,1781642,631920,3377518466,3341343470,100,100,100,100,0.38,0.36,0.09,0.1
95140,06,085,06085,191,130,320653574,320449305,191,130,320653574,320449305,1781642,631920,3377518466,3341343470,100,100,100,100,0.01,0.02,9.49,9.59
95148,06,085,06085,45528,11747,24656459,24409620,45528,11747,24656459,24409620,1781642,631920,3377518466,3341343470,100,100,100,100,2.56,1.86,0.73,0.73
95202,06,077,06077,6521,3984,2808846,2791931,6521,3984,2808846,2791931,685306,233755,3694614642,3603505998,100,100,100,100,0.95,1.7,0.08,0.08
95203,06,077,06077,15696,5959,17646139,15979378,15696,5959,17646139,15979378,685306,233755,3694614642,3603505998,100,100,100,100,2.29,2.55,0.48,0.44
95204,06,077,06077,27786,12047,13896809,13209883,27786,12047,13896809,13209883,685306,233755,3694614642,3603505998,100,100,100,100,4.05,5.15,0.38,0.37
95205,06,077,06077,38069,11346,23573761,23543550,38069,11346,23573761,23543550,685306,233755,3694614642,3603505998,100,100,100,100,5.56,4.85,0.64,0.65
95206,06,077,06077,65004,17923,395553107,375339829,65004,17923,395553107,375339829,685306,233755,3694614642,3603505998,100,100,100,100,9.49,7.67,10.71,10.42
95207,06,077,06077,47965,19457,19264197,18793035,47965,19457,19264197,18793035,685306,233755,3694614642,3603505998,100,100,100,100,7,8.32,0.52,0.52
95209,06,077,06077,39488,13337,22195487,21707643,39488,13337,22195487,21707643,685306,233755,3694614642,3603505998,100,100,100,100,5.76,5.71,0.6,0.6
95210,06,077,06077,39009,12154,17335812,17148410,39009,12154,17335812,17148410,685306,233755,3694614642,3603505998,100,100,100,100,5.69,5.2,0.47,0.48
95211,06,077,06077,1545,5,460505,391981,1545,5,460505,391981,685306,233755,3694614642,3603505998,100,100,100,100,0.23,0,0.01,0.01
95212,06,077,06077,25239,7327,56206986,55851885,25239,7327,56206986,55851885,685306,233755,3694614642,3603505998,100,100,100,100,3.68,3.13,1.52,1.55
95215,06,077,06077,23224,7298,245768439,245224640,23224,7298,245768439,245224640,685306,233755,3694614642,3603505998,100,100,100,100,3.39,3.12,6.65,6.81
95219,06,013,06013,16,37,31716066,30628962,27884,11281,167386322,147276476,1049025,400263,2081754142,1854268836,0.06,0.33,18.95,20.8,0,0.01,1.52,1.65
95219,06,077,06077,27868,11244,135670256,116647514,27884,11281,167386322,147276476,685306,233755,3694614642,3603505998,99.94,99.67,81.05,79.2,4.07,4.81,3.67,3.24
95220,06,077,06077,7273,2685,151111053,149078523,7273,2685,151111053,149078523,685306,233755,3694614642,3603505998,100,100,100,100,1.06,1.15,4.09,4.14
95222,06,009,06009,5292,2710,401123935,391328301,5292,2710,401123935,391328301,45578,27925,2685630145,2641819725,100,100,100,100,11.61,9.7,14.94,14.81
95223,06,003,06003,121,593,533405616,529624989,4612,7605,748379055,744404500,1175,1760,1924829158,1912271907,2.62,7.8,71.27,71.15,10.3,33.69,27.71,27.7
95223,06,009,06009,4491,7006,195129688,195021027,4612,7605,748379055,744404500,45578,27925,2685630145,2641819725,97.38,92.12,26.07,26.2,9.85,25.09,7.27,7.38
95223,06,109,06109,0,6,19843751,19758484,4612,7605,748379055,744404500,55365,31244,5890746158,5752062580,0,0.08,2.65,2.65,0,0.02,0.34,0.34
95224,06,009,06009,429,274,29529070,29435671,429,274,29529070,29435671,45578,27925,2685630145,2641819725,100,100,100,100,0.94,0.98,1.1,1.11
95225,06,009,06009,672,274,18347871,18148136,672,274,18347871,18148136,45578,27925,2685630145,2641819725,100,100,100,100,1.47,0.98,0.68,0.69
95226,06,009,06009,84,43,15015163,14620683,84,43,15015163,14620683,45578,27925,2685630145,2641819725,100,100,100,100,0.18,0.15,0.56,0.55
95227,06,077,06077,941,423,103643439,96147855,941,423,103643439,96147855,685306,233755,3694614642,3603505998,100,100,100,100,0.14,0.18,2.81,2.67
95228,06,009,06009,3976,2476,279998119,276696940,3976,2476,279998119,276696940,45578,27925,2685630145,2641819725,100,100,100,100,8.72,8.87,10.43,10.47
95230,06,009,06009,49,24,45826670,42019097,718,300,311698401,294342191,45578,27925,2685630145,2641819725,6.82,8,14.7,14.28,0.11,0.09,1.71,1.59
95230,06,077,06077,497,203,82509920,80278164,718,300,311698401,294342191,685306,233755,3694614642,3603505998,69.22,67.67,26.47,27.27,0.07,0.09,2.23,2.23
95230,06,099,06099,172,73,183361811,172044930,718,300,311698401,294342191,514453,179503,3923020227,3871582888,23.96,24.33,58.83,58.45,0.03,0.04,4.67,4.44
95231,06,077,06077,4374,923,27427100,27424810,4374,923,27427100,27424810,685306,233755,3694614642,3603505998,100,100,100,100,0.64,0.39,0.74,0.76
95232,06,009,06009,304,171,20458114,20458114,304,171,20458114,20458114,45578,27925,2685630145,2641819725,100,100,100,100,0.67,0.61,0.76,0.77
95233,06,009,06009,436,280,18149230,18136632,436,280,18149230,18136632,45578,27925,2685630145,2641819725,100,100,100,100,0.96,1,0.68,0.69
95234,06,077,06077,70,34,92473697,86988086,70,34,92473697,86988086,685306,233755,3694614642,3603505998,100,100,100,100,0.01,0.01,2.5,2.41
95236,06,077,06077,4223,1543,281792442,279863422,4223,1543,281792442,279863422,685306,233755,3694614642,3603505998,100,100,100,100,0.62,0.66,7.63,7.77
95237,06,077,06077,3167,1214,20788906,20680744,3167,1214,20788906,20680744,685306,233755,3694614642,3603505998,100,100,100,100,0.46,0.52,0.56,0.57
95240,06,077,06077,47172,17344,215371353,214205908,47172,17344,215371353,214205908,685306,233755,3694614642,3603505998,100,100,100,100,6.88,7.42,5.83,5.94
95242,06,077,06077,25393,10355,255141077,248722742,25393,10355,255141077,248722742,685306,233755,3694614642,3603505998,100,100,100,100,3.71,4.43,6.91,6.9
95245,06,009,06009,2277,1306,177457285,177269751,2277,1306,177457285,177269751,45578,27925,2685630145,2641819725,100,100,100,100,5,4.68,6.61,6.71
95246,06,009,06009,1615,962,135246694,135101285,1615,962,135246694,135101285,45578,27925,2685630145,2641819725,100,100,100,100,3.54,3.44,5.04,5.11
95247,06,009,06009,4368,2526,108031092,107949319,4368,2526,108031092,107949319,45578,27925,2685630145,2641819725,100,100,100,100,9.58,9.05,4.02,4.09
95248,06,009,06009,301,223,82793842,82390657,301,223,82793842,82390657,45578,27925,2685630145,2641819725,100,100,100,100,0.66,0.8,3.08,3.12
95249,06,009,06009,4042,1895,219370655,217037743,4042,1895,219370655,217037743,45578,27925,2685630145,2641819725,100,100,100,100,8.87,6.79,8.17,8.22
95250,06,009,06009,78,61,27560027,27560027,78,61,27560027,27560027,45578,27925,2685630145,2641819725,100,100,100,100,0.17,0.22,1.03,1.04
95251,06,009,06009,767,360,28479756,28468035,767,360,28479756,28468035,45578,27925,2685630145,2641819725,100,100,100,100,1.68,1.29,1.06,1.08
95252,06,009,06009,13460,5605,336904193,317230744,13460,5605,336904193,317230744,45578,27925,2685630145,2641819725,100,100,100,100,29.53,20.07,12.54,12.01
95254,06,009,06009,480,212,15261414,14269489,480,212,15261414,14269489,45578,27925,2685630145,2641819725,100,100,100,100,1.05,0.76,0.57,0.54
95255,06,009,06009,2042,1242,115653111,115518267,2042,1242,115653111,115518267,45578,27925,2685630145,2641819725,100,100,100,100,4.48,4.45,4.31,4.37
95257,06,009,06009,413,262,39530147,39368932,413,262,39530147,39368932,45578,27925,2685630145,2641819725,100,100,100,100,0.91,0.94,1.47,1.49
95258,06,077,06077,4018,1511,8624062,8347501,4018,1511,8624062,8347501,685306,233755,3694614642,3603505998,100,100,100,100,0.59,0.65,0.23,0.23
95301,06,047,06047,37073,12387,161412646,161350226,37073,12387,161412646,161350226,255793,83698,5124315228,5011554741,100,100,100,100,14.49,14.8,3.15,3.22
95303,06,047,06047,912,305,100993887,100938837,912,305,100993887,100938837,255793,83698,5124315228,5011554741,100,100,100,100,0.36,0.36,1.97,2.01
95304,06,077,06077,15706,4140,421987835,412956949,15706,4140,421987835,412956949,685306,233755,3694614642,3603505998,100,100,100,100,2.29,1.77,11.42,11.46
95305,06,109,06109,245,133,38380147,36939206,245,133,38380147,36939206,55365,31244,5890746158,5752062580,100,100,100,100,0.44,0.43,0.65,0.64
95306,06,043,06043,970,466,357699552,354278506,970,466,357699552,354278506,18251,10188,3788688376,3752416976,100,100,100,100,5.31,4.57,9.44,9.44
95307,06,099,06099,42753,13177,86765441,86765441,42753,13177,86765441,86765441,514453,179503,3923020227,3871582888,100,100,100,100,8.31,7.34,2.21,2.24
95310,06,109,06109,1882,1006,105074020,102404324,1882,1006,105074020,102404324,55365,31244,5890746158,5752062580,100,100,100,100,3.4,3.22,1.78,1.78
95311,06,043,06043,2150,1417,616163391,608389944,2197,1455,628246613,620473166,18251,10188,3788688376,3752416976,97.86,97.39,98.08,98.05,11.78,13.91,16.26,16.21
95311,06,109,06109,47,38,12083222,12083222,2197,1455,628246613,620473166,55365,31244,5890746158,5752062580,2.14,2.61,1.92,1.95,0.08,0.12,0.21,0.21
95312,06,047,06047,268,84,2538604,2538604,268,84,2538604,2538604,255793,83698,5124315228,5011554741,100,100,100,100,0.1,0.1,0.05,0.05
95313,06,099,06099,1386,532,134656279,133809703,1386,532,134656279,133809703,514453,179503,3923020227,3871582888,100,100,100,100,0.27,0.3,3.43,3.46
95314,06,109,06109,0,106,65239556,65080494,0,106,65239556,65080494,55365,31244,5890746158,5752062580,0,100,100,100,0,0.34,1.11,1.13
95315,06,047,06047,13018,3528,47294681,47264386,13018,3528,47294681,47264386,255793,83698,5124315228,5011554741,100,100,100,100,5.09,4.22,0.92,0.94
95316,06,099,06099,6573,2279,173038771,173038771,6573,2279,173038771,173038771,514453,179503,3923020227,3871582888,100,100,100,100,1.28,1.27,4.41,4.47
95317,06,047,06047,817,277,137623778,137237401,817,277,137623778,137237401,255793,83698,5124315228,5011554741,100,100,100,100,0.32,0.33,2.69,2.74
95318,06,043,06043,541,304,102829990,102482297,541,304,102829990,102482297,18251,10188,3788688376,3752416976,100,100,100,100,2.96,2.98,2.71,2.73
95319,06,099,06099,1749,565,1606178,1606178,1749,565,1606178,1606178,514453,179503,3923020227,3871582888,100,100,100,100,0.34,0.31,0.04,0.04
95320,06,077,06077,12819,4657,230968510,229551963,12819,4657,230968510,229551963,685306,233755,3694614642,3603505998,100,100,100,100,1.87,1.99,6.25,6.37
95321,06,043,06043,82,65,25320582,25316264,3736,3656,456129717,453642681,18251,10188,3788688376,3752416976,2.19,1.78,5.55,5.58,0.45,0.64,0.67,0.67
95321,06,109,06109,3654,3591,430809135,428326417,3736,3656,456129717,453642681,55365,31244,5890746158,5752062580,97.81,98.22,94.45,94.42,6.6,11.49,7.31,7.45
95322,06,047,06047,8942,3398,469940002,451124009,8942,3398,469940002,451124009,255793,83698,5124315228,5011554741,100,100,100,100,3.5,4.06,9.17,9
95323,06,099,06099,1260,411,80390028,79900201,1260,411,80390028,79900201,514453,179503,3923020227,3871582888,100,100,100,100,0.24,0.23,2.05,2.06
95324,06,047,06047,7324,2604,108448258,106607228,7324,2604,108448258,106607228,255793,83698,5124315228,5011554741,100,100,100,100,2.86,3.11,2.12,2.13
95325,06,043,06043,81,42,105549014,105428390,81,42,105549014,105428390,18251,10188,3788688376,3752416976,100,100,100,100,0.44,0.41,2.79,2.81
95326,06,099,06099,9581,3328,75364545,74925117,9581,3328,75364545,74925117,514453,179503,3923020227,3871582888,100,100,100,100,1.86,1.85,1.92,1.94
95327,06,109,06109,9806,2978,429209097,406875018,9806,2978,429209097,406875018,55365,31244,5890746158,5752062580,100,100,100,100,17.71,9.53,7.29,7.07
95328,06,099,06099,3993,1105,2697387,2697387,3993,1105,2697387,2697387,514453,179503,3923020227,3871582888,100,100,100,100,0.78,0.62,0.07,0.07
95329,06,043,06043,1040,553,55142314,55097771,2460,1355,303358068,282985362,18251,10188,3788688376,3752416976,42.28,40.81,18.18,19.47,5.7,5.43,1.46,1.47
95329,06,099,06099,273,124,99331229,88438737,2460,1355,303358068,282985362,514453,179503,3923020227,3871582888,11.1,9.15,32.74,31.25,0.05,0.07,2.53,2.28
95329,06,109,06109,1147,678,148884525,139448854,2460,1355,303358068,282985362,55365,31244,5890746158,5752062580,46.63,50.04,49.08,49.28,2.07,2.17,2.53,2.42
95330,06,077,06077,17853,5181,57060333,55728730,17853,5181,57060333,55728730,685306,233755,3694614642,3603505998,100,100,100,100,2.61,2.22,1.54,1.55
95333,06,047,06047,2942,956,302258898,302258898,2942,956,302258898,302258898,255793,83698,5124315228,5011554741,100,100,100,100,1.15,1.14,5.9,6.03
95334,06,047,06047,15457,4098,145627507,145038400,15457,4098,145627507,145038400,255793,83698,5124315228,5011554741,100,100,100,100,6.04,4.9,2.84,2.89
95335,06,109,06109,541,1225,109306335,109040377,541,1225,109306335,109040377,55365,31244,5890746158,5752062580,100,100,100,100,0.98,3.92,1.86,1.9
95336,06,077,06077,42675,15067,99266160,99172501,42675,15067,99266160,99172501,685306,233755,3694614642,3603505998,100,100,100,100,6.23,6.45,2.69,2.75
95337,06,077,06077,31557,10622,119611713,117858732,31557,10622,119611713,117858732,685306,233755,3694614642,3603505998,100,100,100,100,4.6,4.54,3.24,3.27
95338,06,043,06043,11062,5746,894922664,881437284,11062,5746,894922664,881437284,18251,10188,3788688376,3752416976,100,100,100,100,60.61,56.4,23.62,23.49
95340,06,047,06047,33931,12642,104874879,102957321,33931,12642,104874879,102957321,255793,83698,5124315228,5011554741,100,100,100,100,13.27,15.1,2.05,2.05
95341,06,047,06047,32967,9330,390930571,387424591,32967,9330,390930571,387424591,255793,83698,5124315228,5011554741,100,100,100,100,12.89,11.15,7.63,7.73
95345,06,043,06043,708,365,83001896,82770991,708,365,83001896,82770991,18251,10188,3788688376,3752416976,100,100,100,100,3.88,3.58,2.19,2.21
95346,06,109,06109,1272,1375,15543873,15529278,1272,1375,15543873,15529278,55365,31244,5890746158,5752062580,100,100,100,100,2.3,4.4,0.26,0.27
95348,06,047,06047,30805,11276,123299056,123033842,30805,11276,123299056,123033842,255793,83698,5124315228,5011554741,100,100,100,100,12.04,13.47,2.41,2.46
95350,06,099,06099,51046,20928,22996426,22996426,51046,20928,22996426,22996426,514453,179503,3923020227,3871582888,100,100,100,100,9.92,11.66,0.59,0.59
95351,06,099,06099,46458,13749,23646053,22972046,46458,13749,23646053,22972046,514453,179503,3923020227,3871582888,100,100,100,100,9.03,7.66,0.6,0.59
95354,06,099,06099,25394,9836,19062971,19012000,25394,9836,19062971,19012000,514453,179503,3923020227,3871582888,100,100,100,100,4.94,5.48,0.49,0.49
95355,06,099,06099,58311,22505,24650042,24577003,58311,22505,24650042,24577003,514453,179503,3923020227,3871582888,100,100,100,100,11.33,12.54,0.63,0.63
95356,06,099,06099,30918,11949,58420242,55384235,30918,11949,58420242,55384235,514453,179503,3923020227,3871582888,100,100,100,100,6.01,6.66,1.49,1.43
95357,06,099,06099,11559,3861,100136881,99788867,11559,3861,100136881,99788867,514453,179503,3923020227,3871582888,100,100,100,100,2.25,2.15,2.55,2.58
95358,06,099,06099,31668,9228,316836887,311649004,31668,9228,316836887,311649004,514453,179503,3923020227,3871582888,100,100,100,100,6.16,5.14,8.08,8.05
95360,06,047,06047,181,104,39536139,35975659,11712,3935,871274639,866928107,255793,83698,5124315228,5011554741,1.55,2.64,4.54,4.15,0.07,0.12,0.77,0.72
95360,06,099,06099,11531,3831,831738500,830952448,11712,3935,871274639,866928107,514453,179503,3923020227,3871582888,98.45,97.36,95.46,95.85,2.24,2.13,21.2,21.46
95361,06,077,06077,414,156,12395053,12368454,31610,12050,608814771,600087588,685306,233755,3694614642,3603505998,1.31,1.29,2.04,2.06,0.06,0.07,0.34,0.34
95361,06,099,06099,31196,11894,596419718,587719134,31610,12050,608814771,600087588,514453,179503,3923020227,3871582888,98.69,98.71,97.96,97.94,6.06,6.63,15.2,15.18
95363,06,099,06099,25237,8085,306498193,305729794,25237,8085,306498193,305729794,514453,179503,3923020227,3871582888,100,100,100,100,4.91,4.5,7.81,7.9
95364,06,109,06109,53,539,715834640,704408811,53,539,715834640,704408811,55365,31244,5890746158,5752062580,100,100,100,100,0.1,1.73,12.15,12.25
95365,06,047,06047,4985,1272,39294026,39294026,4985,1272,39294026,39294026,255793,83698,5124315228,5011554741,100,100,100,100,1.95,1.52,0.77,0.78
95366,06,077,06077,16575,5991,89943685,89066315,16575,5991,89943685,89066315,685306,233755,3694614642,3603505998,100,100,100,100,2.42,2.56,2.43,2.47
95367,06,099,06099,23173,7271,12024425,11873483,23173,7271,12024425,11873483,514453,179503,3923020227,3871582888,100,100,100,100,4.5,4.05,0.31,0.31
95368,06,099,06099,13614,4159,9167240,8517356,13614,4159,9167240,8517356,514453,179503,3923020227,3871582888,100,100,100,100,2.65,2.32,0.23,0.22
95369,06,043,06043,80,88,61348536,55499746,1099,502,420744048,412607079,18251,10188,3788688376,3752416976,7.28,17.53,14.58,13.45,0.44,0.86,1.62,1.48
95369,06,047,06047,1019,414,359395512,357107333,1099,502,420744048,412607079,255793,83698,5124315228,5011554741,92.72,82.47,85.42,86.55,0.4,0.49,7.01,7.13
95370,06,109,06109,26803,13100,279750089,267162080,26803,13100,279750089,267162080,55365,31244,5890746158,5752062580,100,100,100,100,48.41,41.93,4.75,4.64
95372,06,109,06109,1963,848,6951245,6937465,1963,848,6951245,6937465,55365,31244,5890746158,5752062580,100,100,100,100,3.55,2.71,0.12,0.12
95374,06,047,06047,2030,700,121912383,120614886,2030,700,121912383,120614886,255793,83698,5124315228,5011554741,100,100,100,100,0.79,0.84,2.38,2.41
95375,06,109,06109,106,393,7991738,7889388,106,393,7991738,7889388,55365,31244,5890746158,5752062580,100,100,100,100,0.19,1.26,0.14,0.14
95376,06,077,06077,49859,16589,19775153,19775153,49859,16589,19775153,19775153,685306,233755,3694614642,3603505998,100,100,100,100,7.28,7.1,0.54,0.55
95377,06,001,06001,66,23,32406787,32406787,30902,8819,279915889,279847793,1510271,582549,2127230753,1914046110,0.21,0.26,11.58,11.58,0,0,1.52,1.69
95377,06,077,06077,30836,8796,247509102,247441006,30902,8819,279915889,279847793,685306,233755,3694614642,3603505998,99.79,99.74,88.42,88.42,4.5,3.76,6.7,6.87
95379,06,109,06109,3898,1760,139852662,139518165,3898,1760,139852662,139518165,55365,31244,5890746158,5752062580,100,100,100,100,7.04,5.63,2.37,2.43
95380,06,047,06047,1559,539,47803641,47776938,41201,14525,194322714,194296011,255793,83698,5124315228,5011554741,3.78,3.71,24.6,24.59,0.61,0.64,0.93,0.95
95380,06,099,06099,39642,13986,146519073,146519073,41201,14525,194322714,194296011,514453,179503,3923020227,3871582888,96.22,96.29,75.4,75.41,7.71,7.79,3.73,3.78
95382,06,099,06099,36176,13132,27189623,27189623,36176,13132,27189623,27189623,514453,179503,3923020227,3871582888,100,100,100,100,7.03,7.32,0.69,0.7
95383,06,109,06109,3937,3355,203356844,202933668,3937,3355,203356844,202933668,55365,31244,5890746158,5752062580,100,100,100,100,7.11,10.74,3.45,3.53
95385,06,077,06077,152,86,862711,862711,429,189,64640662,64333467,685306,233755,3694614642,3603505998,35.43,45.5,1.33,1.34,0.02,0.04,0.02,0.02
95385,06,099,06099,277,103,63777951,63470756,429,189,64640662,64333467,514453,179503,3923020227,3871582888,64.57,54.5,98.67,98.66,0.05,0.06,1.63,1.64
95386,06,099,06099,9877,3203,226498733,219848238,9877,3203,226498733,219848238,514453,179503,3923020227,3871582888,100,100,100,100,1.92,1.78,5.77,5.68
95387,06,099,06099,636,189,300225600,300156937,636,189,300225600,300156937,514453,179503,3923020227,3871582888,100,100,100,100,0.12,0.11,7.65,7.75
95388,06,047,06047,13074,3912,100741676,100539257,13074,3912,100741676,100539257,255793,83698,5124315228,5011554741,100,100,100,100,5.11,4.67,1.97,2.01
95389,06,043,06043,1270,870,425907954,425252093,1272,875,614869025,611344150,18251,10188,3788688376,3752416976,99.84,99.43,69.27,69.56,6.96,8.54,11.24,11.33
95389,06,109,06109,2,5,188961071,186092057,1272,875,614869025,611344150,55365,31244,5890746158,5752062580,0.16,0.57,30.73,30.44,0,0.02,3.21,3.24
95391,06,001,06001,130,43,49602449,48510308,9959,3331,62610567,61518426,1510271,582549,2127230753,1914046110,1.31,1.29,79.22,78.85,0.01,0.01,2.33,2.53
95391,06,077,06077,9829,3288,13008118,13008118,9959,3331,62610567,61518426,685306,233755,3694614642,3603505998,98.69,98.71,20.78,21.15,1.43,1.41,0.35,0.36
95401,06,097,06097,36981,14062,53457318,53417691,36981,14062,53457318,53417691,483878,204572,4578960489,4081430136,100,100,100,100,7.64,6.87,1.17,1.31
95403,06,097,06097,45164,17965,57155287,57009092,45164,17965,57155287,57009092,483878,204572,4578960489,4081430136,100,100,100,100,9.33,8.78,1.25,1.4
95404,06,097,06097,39761,17039,207192939,207132279,39761,17039,207192939,207132279,483878,204572,4578960489,4081430136,100,100,100,100,8.22,8.33,4.52,5.07
95405,06,097,06097,21399,9251,14183932,14183932,21399,9251,14183932,14183932,483878,204572,4578960489,4081430136,100,100,100,100,4.42,4.52,0.31,0.35
95407,06,097,06097,39352,12442,58756661,58746449,39352,12442,58756661,58746449,483878,204572,4578960489,4081430136,100,100,100,100,8.13,6.08,1.28,1.44
95409,06,097,06097,27187,12983,100064155,99389538,27187,12983,100064155,99389538,483878,204572,4578960489,4081430136,100,100,100,100,5.62,6.35,2.19,2.44
95410,06,045,06045,950,582,113426882,103240724,950,582,113426882,103240724,87841,40323,10044339030,9081386386,100,100,100,100,1.08,1.44,1.13,1.14
95412,06,097,06097,401,203,221922989,221922989,401,203,221922989,221922989,483878,204572,4578960489,4081430136,100,100,100,100,0.08,0.1,4.85,5.44
95415,06,045,06045,1592,629,143172375,143172375,1592,629,143172375,143172375,87841,40323,10044339030,9081386386,100,100,100,100,1.81,1.56,1.43,1.58
95417,06,045,06045,297,139,195095313,195095313,297,139,195095313,195095313,87841,40323,10044339030,9081386386,100,100,100,100,0.34,0.34,1.94,2.15
95420,06,045,06045,374,215,6030019,5194874,374,215,6030019,5194874,87841,40323,10044339030,9081386386,100,100,100,100,0.43,0.53,0.06,0.06
95421,06,097,06097,1592,1289,561885816,561075399,1592,1289,561885816,561075399,483878,204572,4578960489,4081430136,100,100,100,100,0.33,0.63,12.27,13.75
95422,06,033,06033,15585,8546,113511512,91236887,15585,8546,113511512,91236887,64665,35492,3443189863,3254227528,100,100,100,100,24.1,24.08,3.3,2.8
95423,06,033,06033,3747,2680,271154621,266350758,3747,2680,271154621,266350758,64665,35492,3443189863,3254227528,100,100,100,100,5.79,7.55,7.88,8.18
95425,06,045,06045,186,111,187751719,187676883,10841,4544,548063584,532783085,87841,40323,10044339030,9081386386,1.72,2.44,34.26,35.23,0.21,0.28,1.87,2.07
95425,06,097,06097,10655,4433,360311865,345106202,10841,4544,548063584,532783085,483878,204572,4578960489,4081430136,98.28,97.56,65.74,64.77,2.2,2.17,7.87,8.46
95426,06,033,06033,2147,1315,52558550,52522679,2147,1315,52558550,52522679,64665,35492,3443189863,3254227528,100,100,100,100,3.32,3.71,1.53,1.61
95427,06,045,06045,459,243,180426079,180426079,459,243,180426079,180426079,87841,40323,10044339030,9081386386,100,100,100,100,0.52,0.6,1.8,1.99
95428,06,045,06045,2516,1160,584953694,583227506,2516,1160,584953694,583227506,87841,40323,10044339030,9081386386,100,100,100,100,2.86,2.88,5.82,6.42
95429,06,045,06045,70,60,103919411,103509130,70,60,103919411,103509130,87841,40323,10044339030,9081386386,100,100,100,100,0.08,0.15,1.03,1.14
95430,06,097,06097,44,32,615335,615335,44,32,615335,615335,483878,204572,4578960489,4081430136,100,100,100,100,0.01,0.02,0.01,0.02
95431,06,097,06097,631,0,196644,196644,631,0,196644,196644,483878,204572,4578960489,4081430136,100,0,100,100,0.13,0,0,0
95432,06,045,06045,426,312,190077167,188871558,426,312,190077167,188871558,87841,40323,10044339030,9081386386,100,100,100,100,0.48,0.77,1.89,2.08
95435,06,033,06033,82,26,399528,399528,82,26,399528,399528,64665,35492,3443189863,3254227528,100,100,100,100,0.13,0.07,0.01,0.01
95436,06,097,06097,5418,2995,60380601,59514277,5418,2995,60380601,59514277,483878,204572,4578960489,4081430136,100,100,100,100,1.12,1.46,1.32,1.46
95437,06,045,06045,14799,7082,263502321,253224320,14799,7082,263502321,253224320,87841,40323,10044339030,9081386386,100,100,100,100,16.85,17.56,2.62,2.79
95439,06,097,06097,675,263,7091874,7091874,675,263,7091874,7091874,483878,204572,4578960489,4081430136,100,100,100,100,0.14,0.13,0.15,0.17
95441,06,097,06097,2014,847,268640873,263936405,2014,847,268640873,263936405,483878,204572,4578960489,4081430136,100,100,100,100,0.42,0.41,5.87,6.47
95442,06,097,06097,3178,1750,63372650,63226514,3178,1750,63372650,63226514,483878,204572,4578960489,4081430136,100,100,100,100,0.66,0.86,1.38,1.55
95443,06,033,06033,233,222,10859723,10840827,233,222,10859723,10840827,64665,35492,3443189863,3254227528,100,100,100,100,0.36,0.63,0.32,0.33
95444,06,097,06097,748,288,700896,700896,748,288,700896,700896,483878,204572,4578960489,4081430136,100,100,100,100,0.15,0.14,0.02,0.02
95445,06,045,06045,2093,1421,228922290,221559110,2093,1421,228922290,221559110,87841,40323,10044339030,9081386386,100,100,100,100,2.38,3.52,2.28,2.44
95446,06,097,06097,4750,3565,85699301,85259067,4750,3565,85699301,85259067,483878,204572,4578960489,4081430136,100,100,100,100,0.98,1.74,1.87,2.09
95448,06,097,06097,16852,7753,489657911,488207763,16852,7753,489657911,488207763,483878,204572,4578960489,4081430136,100,100,100,100,3.48,3.79,10.69,11.96
95449,06,045,06045,1507,606,339183489,338228682,1507,606,339183489,338228682,87841,40323,10044339030,9081386386,100,100,100,100,1.72,1.5,3.38,3.72
95450,06,097,06097,387,366,71798148,71095022,387,366,71798148,71095022,483878,204572,4578960489,4081430136,100,100,100,100,0.08,0.18,1.57,1.74
95451,06,033,06033,11213,5911,263072328,249096169,11213,5911,263072328,249096169,64665,35492,3443189863,3254227528,100,100,100,100,17.34,16.65,7.64,7.65
95452,06,097,06097,1393,760,37217734,37217734,1393,760,37217734,37217734,483878,204572,4578960489,4081430136,100,100,100,100,0.29,0.37,0.81,0.91
95453,06,033,06033,11256,5533,217858919,216831467,11256,5533,217858919,216831467,64665,35492,3443189863,3254227528,100,100,100,100,17.41,15.59,6.33,6.66
95454,06,045,06045,2556,1331,692552203,691590624,2556,1331,692552203,691590624,87841,40323,10044339030,9081386386,100,100,100,100,2.91,3.3,6.89,7.62
95456,06,045,06045,795,605,28211393,26094867,795,605,28211393,26094867,87841,40323,10044339030,9081386386,100,100,100,100,0.91,1.5,0.28,0.29
95457,06,033,06033,2893,1712,395299622,384368466,2893,1712,395299622,384368466,64665,35492,3443189863,3254227528,100,100,100,100,4.47,4.82,11.48,11.81
95458,06,033,06033,3104,1904,126897032,126835961,3104,1904,126897032,126835961,64665,35492,3443189863,3254227528,100,100,100,100,4.8,5.36,3.69,3.9
95459,06,045,06045,504,421,180832536,173713747,504,421,180832536,173713747,87841,40323,10044339030,9081386386,100,100,100,100,0.57,1.04,1.8,1.91
95460,06,045,06045,2285,1555,76954761,70740091,2285,1555,76954761,70740091,87841,40323,10044339030,9081386386,100,100,100,100,2.6,3.86,0.77,0.78
95461,06,033,06033,3413,1886,326172479,324324519,3413,1886,326172479,324324519,64665,35492,3443189863,3254227528,100,100,100,100,5.28,5.31,9.47,9.97
95462,06,097,06097,1417,1135,15881716,15213763,1417,1135,15881716,15213763,483878,204572,4578960489,4081430136,100,100,100,100,0.29,0.55,0.35,0.37
95463,06,045,06045,169,134,29224936,29224936,169,134,29224936,29224936,87841,40323,10044339030,9081386386,100,100,100,100,0.19,0.33,0.29,0.32
95464,06,033,06033,2673,1582,8612745,8612745,2673,1582,8612745,8612745,64665,35492,3443189863,3254227528,100,100,100,100,4.13,4.46,0.25,0.26
95465,06,097,06097,2083,1314,109483604,108040410,2083,1314,109483604,108040410,483878,204572,4578960489,4081430136,100,100,100,100,0.43,0.64,2.39,2.65
95466,06,045,06045,946,461,243673918,243568666,946,461,243673918,243568666,87841,40323,10044339030,9081386386,100,100,100,100,1.08,1.14,2.43,2.68
95467,06,033,06033,5498,2565,25817942,25420363,5498,2565,25817942,25420363,64665,35492,3443189863,3254227528,100,100,100,100,8.5,7.23,0.75,0.78
95468,06,045,06045,1258,703,176473869,168829054,1258,703,176473869,168829054,87841,40323,10044339030,9081386386,100,100,100,100,1.43,1.74,1.76,1.86
95469,06,033,06033,60,236,163852234,155848351,1767,1014,461001625,452411498,64665,35492,3443189863,3254227528,3.4,23.27,35.54,34.45,0.09,0.66,4.76,4.79
95469,06,045,06045,1707,778,297149391,296563147,1767,1014,461001625,452411498,87841,40323,10044339030,9081386386,96.6,76.73,64.46,65.55,1.94,1.93,2.96,3.27
95470,06,045,06045,6032,2391,214346698,213718860,6032,2391,214346698,213718860,87841,40323,10044339030,9081386386,100,100,100,100,6.87,5.93,2.13,2.35
95471,06,097,06097,522,434,3734436,3734436,522,434,3734436,3734436,483878,204572,4578960489,4081430136,100,100,100,100,0.11,0.21,0.08,0.09
95472,06,097,06097,28255,13187,179180595,179074707,28255,13187,179180595,179074707,483878,204572,4578960489,4081430136,100,100,100,100,5.84,6.45,3.91,4.39
95476,06,097,06097,35394,16559,292171511,290048360,35394,16559,292171511,290048360,483878,204572,4578960489,4081430136,100,100,100,100,7.31,8.09,6.38,7.11
95482,06,045,06045,31808,12571,813473542,805163258,31808,12571,813473542,805163258,87841,40323,10044339030,9081386386,100,100,100,100,36.21,31.18,8.1,8.87
95485,06,033,06033,2557,1265,274327553,271775618,2557,1265,274327553,271775618,64665,35492,3443189863,3254227528,100,100,100,100,3.95,3.56,7.97,8.35
95486,06,097,06097,62,67,50163,50163,62,67,50163,50163,483878,204572,4578960489,4081430136,100,100,100,100,0.01,0.03,0,0
95488,06,045,06045,280,219,239161822,229779523,280,219,239161822,229779523,87841,40323,10044339030,9081386386,100,100,100,100,0.32,0.54,2.38,2.53
95490,06,045,06045,13264,6012,1017982157,1015732741,13264,6012,1017982157,1015732741,87841,40323,10044339030,9081386386,100,100,100,100,15.1,14.91,10.13,11.18
95492,06,097,06097,28532,10192,49325582,49281501,28532,10192,49325582,49281501,483878,204572,4578960489,4081430136,100,100,100,100,5.9,4.98,1.08,1.21
95493,06,033,06033,198,104,11795603,11734792,198,104,11795603,11734792,64665,35492,3443189863,3254227528,100,100,100,100,0.31,0.29,0.34,0.36
95494,06,045,06045,139,77,266620306,266620306,139,77,266620306,266620306,87841,40323,10044339030,9081386386,100,100,100,100,0.16,0.19,2.65,2.94
95497,06,097,06097,1305,1818,42063627,41841498,1305,1818,42063627,41841498,483878,204572,4578960489,4081430136,100,100,100,100,0.27,0.89,0.92,1.03
95501,06,023,06023,23976,10574,22680189,18248993,23976,10574,22680189,18248993,134623,61559,10495301069,9241044673,100,100,100,100,17.81,17.18,0.22,0.2
95503,06,023,06023,24152,10555,232184684,223897953,24152,10555,232184684,223897953,134623,61559,10495301069,9241044673,100,100,100,100,17.94,17.15,2.21,2.42
95511,06,023,06023,360,206,151408054,151231027,360,206,151408054,151231027,134623,61559,10495301069,9241044673,100,100,100,100,0.27,0.33,1.44,1.64
95514,06,023,06023,254,136,225107719,224546112,254,136,225107719,224546112,134623,61559,10495301069,9241044673,100,100,100,100,0.19,0.22,2.14,2.43
95519,06,023,06023,17432,7585,150843054,147123701,17432,7585,150843054,147123701,134623,61559,10495301069,9241044673,100,100,100,100,12.95,12.32,1.44,1.59
95521,06,023,06023,20199,9068,184445233,138572176,20199,9068,184445233,138572176,134623,61559,10495301069,9241044673,100,100,100,100,15,14.73,1.76,1.5
95524,06,023,06023,1787,813,27015340,26988359,1787,813,27015340,26988359,134623,61559,10495301069,9241044673,100,100,100,100,1.33,1.32,0.26,0.29
95525,06,023,06023,1733,830,216392821,215993820,1733,830,216392821,215993820,134623,61559,10495301069,9241044673,100,100,100,100,1.29,1.35,2.06,2.34
95526,06,023,06023,378,301,285573243,285104732,378,301,285573243,285104732,134623,61559,10495301069,9241044673,100,100,100,100,0.28,0.49,2.72,3.09
95527,06,105,06105,627,455,356400397,356397254,627,455,356400397,356397254,13786,8681,8307637595,8234229734,100,100,100,100,4.55,5.24,4.29,4.33
95528,06,023,06023,1139,546,266106882,265698291,1139,546,266106882,265698291,134623,61559,10495301069,9241044673,100,100,100,100,0.85,0.89,2.54,2.88
95531,06,015,06015,24528,9176,582511967,505493073,24528,9176,582511967,505493073,28610,11186,3185019519,2606493856,100,100,100,100,85.73,82.03,18.29,19.39
95536,06,023,06023,2849,1397,384439183,381215528,2849,1397,384439183,381215528,134623,61559,10495301069,9241044673,100,100,100,100,2.12,2.27,3.66,4.13
95537,06,023,06023,276,143,461647,461647,276,143,461647,461647,134623,61559,10495301069,9241044673,100,100,100,100,0.21,0.23,0,0
95540,06,023,06023,13657,5722,73165826,71915618,13657,5722,73165826,71915618,134623,61559,10495301069,9241044673,100,100,100,100,10.14,9.3,0.7,0.78
95542,06,023,06023,2533,1390,512408822,511758966,2533,1390,512408822,511758966,134623,61559,10495301069,9241044673,100,100,100,100,1.88,2.26,4.88,5.54
95543,06,015,06015,765,425,264744753,264109164,765,425,264744753,264109164,28610,11186,3185019519,2606493856,100,100,100,100,2.67,3.8,8.31,10.13
95545,06,023,06023,153,100,124177311,124177311,153,100,124177311,124177311,134623,61559,10495301069,9241044673,100,100,100,100,0.11,0.16,1.18,1.34
95546,06,023,06023,3494,1417,357436169,353538808,3494,1417,357436169,353538808,134623,61559,10495301069,9241044673,100,100,100,100,2.6,2.3,3.41,3.83
95547,06,023,06023,1222,506,19536376,19536376,1222,506,19536376,19536376,134623,61559,10495301069,9241044673,100,100,100,100,0.91,0.82,0.19,0.21
95548,06,015,06015,1373,647,244955495,226208775,1373,647,244955495,226208775,28610,11186,3185019519,2606493856,100,100,100,100,4.8,5.78,7.69,8.68
95549,06,023,06023,805,382,291132260,290949644,805,382,291132260,290949644,134623,61559,10495301069,9241044673,100,100,100,100,0.6,0.62,2.77,3.15
95550,06,023,06023,128,73,349975615,349472026,128,73,349975615,349472026,134623,61559,10495301069,9241044673,100,100,100,100,0.1,0.12,3.33,3.78
95551,06,023,06023,1739,732,137002585,110251523,1739,732,137002585,110251523,134623,61559,10495301069,9241044673,100,100,100,100,1.29,1.19,1.31,1.19
95552,06,105,06105,697,749,1402262545,1397857063,697,749,1402262545,1397857063,13786,8681,8307637595,8234229734,100,100,100,100,5.06,8.63,16.88,16.98
95553,06,023,06023,1062,612,153682893,153521378,1062,612,153682893,153521378,134623,61559,10495301069,9241044673,100,100,100,100,0.79,0.99,1.46,1.66
95554,06,023,06023,533,336,130498558,130018977,533,336,130498558,130018977,134623,61559,10495301069,9241044673,100,100,100,100,0.4,0.55,1.24,1.41
95555,06,023,06023,410,238,223918331,222554404,410,238,223918331,222554404,134623,61559,10495301069,9241044673,100,100,100,100,0.3,0.39,2.13,2.41
95556,06,023,06023,605,353,356617351,354804079,605,353,356617351,354804079,134623,61559,10495301069,9241044673,100,100,100,100,0.45,0.57,3.4,3.84
95558,06,023,06023,425,360,521123009,520360392,425,360,521123009,520360392,134623,61559,10495301069,9241044673,100,100,100,100,0.32,0.58,4.97,5.63
95559,06,023,06023,182,110,46846102,46752702,182,110,46846102,46752702,134623,61559,10495301069,9241044673,100,100,100,100,0.14,0.18,0.45,0.51
95560,06,023,06023,1648,867,86428985,86279071,1648,867,86428985,86279071,134623,61559,10495301069,9241044673,100,100,100,100,1.22,1.41,0.82,0.93
95562,06,023,06023,3450,1486,64404087,63696882,3450,1486,64404087,63696882,134623,61559,10495301069,9241044673,100,100,100,100,2.56,2.41,0.61,0.69
95563,06,105,06105,652,395,156133648,155965062,652,395,156133648,155965062,13786,8681,8307637595,8234229734,100,100,100,100,4.73,4.55,1.88,1.89
95564,06,023,06023,462,192,12452835,8591808,462,192,12452835,8591808,134623,61559,10495301069,9241044673,100,100,100,100,0.34,0.31,0.12,0.09
95565,06,023,06023,1071,394,87849629,86153866,1071,394,87849629,86153866,134623,61559,10495301069,9241044673,100,100,100,100,0.8,0.64,0.84,0.93
95567,06,015,06015,1930,927,172311050,162006946,1930,927,172311050,162006946,28610,11186,3185019519,2606493856,100,100,100,100,6.75,8.29,5.41,6.22
95568,06,093,06093,136,102,213432939,210442116,136,102,213432939,210442116,44900,23910,16439541703,16259652221,100,100,100,100,0.3,0.43,1.3,1.29
95569,06,023,06023,361,154,161978661,160183060,361,154,161978661,160183060,134623,61559,10495301069,9241044673,100,100,100,100,0.27,0.25,1.54,1.73
95570,06,023,06023,2579,1571,95466030,61405919,2579,1571,95466030,61405919,134623,61559,10495301069,9241044673,100,100,100,100,1.92,2.55,0.91,0.66
95571,06,023,06023,271,137,2005623,1957032,271,137,2005623,1957032,134623,61559,10495301069,9241044673,100,100,100,100,0.2,0.22,0.02,0.02
95573,06,023,06023,1744,1136,312475296,311511625,1744,1136,312475296,311511625,134623,61559,10495301069,9241044673,100,100,100,100,1.3,1.85,2.98,3.37
95585,06,045,06045,508,300,141191455,141191455,508,300,141191455,141191455,87841,40323,10044339030,9081386386,100,100,100,100,0.58,0.74,1.41,1.55
95587,06,045,06045,201,119,33669032,33669032,201,119,33669032,33669032,87841,40323,10044339030,9081386386,100,100,100,100,0.23,0.3,0.34,0.37
95589,06,023,06023,1523,1098,356646479,347696067,1612,1159,506876268,483494749,134623,61559,10495301069,9241044673,94.48,94.74,70.36,71.91,1.13,1.78,3.4,3.76
95589,06,045,06045,89,61,150229789,135798682,1612,1159,506876268,483494749,87841,40323,10044339030,9081386386,5.52,5.26,29.64,28.09,0.1,0.15,1.5,1.5
95595,06,105,06105,262,175,634107440,634035127,262,175,634107440,634035127,13786,8681,8307637595,8234229734,100,100,100,100,1.9,2.02,7.63,7.7
95601,06,005,06005,198,111,4564649,4538018,198,111,4564649,4538018,38091,18032,1569419566,1539962991,100,100,100,100,0.52,0.62,0.29,0.29
95602,06,057,06057,5747,2525,27830004,26369069,17509,7496,129598382,127870645,98764,52590,2522131930,2480616988,32.82,33.68,21.47,20.62,5.82,4.8,1.1,1.06
95602,06,061,06061,11762,4971,101768378,101501576,17509,7496,129598382,127870645,348432,152648,3891341378,3644136017,67.18,66.32,78.53,79.38,3.38,3.26,2.62,2.79
95603,06,061,06061,27844,12243,102407180,101082367,27844,12243,102407180,101082367,348432,152648,3891341378,3644136017,100,100,100,100,7.99,8.02,2.63,2.77
95604,06,061,06061,75,117,1037384,1037384,75,117,1037384,1037384,348432,152648,3891341378,3644136017,100,100,100,100,0.02,0.08,0.03,0.03
95605,06,113,06113,14179,5251,10534141,10099855,14179,5251,10534141,10099855,200849,75054,2651001586,2628032408,100,100,100,100,7.06,7,0.4,0.38
95606,06,113,06113,196,87,94066749,94066749,196,87,94066749,94066749,200849,75054,2651001586,2628032408,100,100,100,100,0.1,0.12,3.55,3.58
95607,06,113,06113,431,219,348361243,347705376,431,219,348361243,347705376,200849,75054,2651001586,2628032408,100,100,100,100,0.21,0.29,13.14,13.23
95608,06,067,06067,59418,27325,34462618,33776671,59418,27325,34462618,33776671,1418788,555932,2574492918,2498415670,100,100,100,100,4.19,4.92,1.34,1.35
95610,06,067,06067,44147,18539,20279505,20279505,44147,18539,20279505,20279505,1418788,555932,2574492918,2498415670,100,100,100,100,3.11,3.33,0.79,0.81
95612,06,095,06095,20,8,6867279,6570721,1239,502,150862396,143682929,413344,152698,2347027136,2128361199,1.61,1.59,4.55,4.57,0,0.01,0.29,0.31
95612,06,113,06113,1219,494,143995117,137112208,1239,502,150862396,143682929,200849,75054,2651001586,2628032408,98.39,98.41,95.45,95.43,0.61,0.66,5.43,5.22
95614,06,017,06017,3833,1680,92163768,91938310,3833,1680,92163768,91938310,181058,88159,4626639842,4423396606,100,100,100,100,2.12,1.91,1.99,2.08
95615,06,067,06067,819,323,58810331,56717074,834,333,62331028,60185000,1418788,555932,2574492918,2498415670,98.2,97,94.35,94.24,0.06,0.06,2.28,2.27
95615,06,113,06113,15,10,3520697,3467926,834,333,62331028,60185000,200849,75054,2651001586,2628032408,1.8,3,5.65,5.76,0.01,0.01,0.13,0.13
95616,06,113,06113,47032,17982,71434073,71372239,47032,17982,71434073,71372239,200849,75054,2651001586,2628032408,100,100,100,100,23.42,23.96,2.69,2.72
95618,06,095,06095,92,45,22584913,22485271,27281,10257,90727282,90464817,413344,152698,2347027136,2128361199,0.34,0.44,24.89,24.86,0.02,0.03,0.96,1.06
95618,06,113,06113,27189,10212,68142369,67979546,27281,10257,90727282,90464817,200849,75054,2651001586,2628032408,99.66,99.56,75.11,75.14,13.54,13.61,2.57,2.59
95619,06,017,06017,4842,2139,15663650,15567920,4842,2139,15663650,15567920,181058,88159,4626639842,4423396606,100,100,100,100,2.67,2.43,0.34,0.35
95620,06,095,06095,20455,6952,465862488,459708190,20553,7048,631088850,623564441,413344,152698,2347027136,2128361199,99.52,98.64,73.82,73.72,4.95,4.55,19.85,21.6
95620,06,113,06113,98,96,165226362,163856251,20553,7048,631088850,623564441,200849,75054,2651001586,2628032408,0.48,1.36,26.18,26.28,0.05,0.13,6.23,6.23
95621,06,067,06067,39819,16768,17589801,17589801,39819,16768,17589801,17589801,1418788,555932,2574492918,2498415670,100,100,100,100,2.81,3.02,0.68,0.7
95623,06,017,06017,3806,1633,135602088,135578059,3806,1633,135602088,135578059,181058,88159,4626639842,4423396606,100,100,100,100,2.1,1.85,2.93,3.07
95624,06,067,06067,61989,19978,114027286,113912658,61989,19978,114027286,113912658,1418788,555932,2574492918,2498415670,100,100,100,100,4.37,3.59,4.43,4.56
95625,06,095,06095,155,69,2991432,2991432,155,69,2991432,2991432,413344,152698,2347027136,2128361199,100,100,100,100,0.04,0.05,0.13,0.14
95626,06,061,06061,510,190,16396098,16396098,5975,2041,60247188,60247188,348432,152648,3891341378,3644136017,8.54,9.31,27.21,27.21,0.15,0.12,0.42,0.45
95626,06,067,06067,5355,1795,36811203,36811203,5975,2041,60247188,60247188,1418788,555932,2574492918,2498415670,89.62,87.95,61.1,61.1,0.38,0.32,1.43,1.47
95626,06,101,06101,110,56,7039887,7039887,5975,2041,60247188,60247188,94737,33858,1575982605,1560235601,1.84,2.74,11.69,11.69,0.12,0.17,0.45,0.45
95627,06,113,06113,3513,1224,133973773,133169251,3513,1224,133973773,133169251,200849,75054,2651001586,2628032408,100,100,100,100,1.75,1.63,5.05,5.07
95628,06,067,06067,40196,17294,34205724,33034540,40196,17294,34205724,33034540,1418788,555932,2574492918,2498415670,100,100,100,100,2.83,3.11,1.33,1.32
95629,06,005,06005,651,367,67856538,67856538,832,453,120422740,120422740,38091,18032,1569419566,1539962991,78.25,81.02,56.35,56.35,1.71,2.04,4.32,4.41
95629,06,017,06017,181,86,52566202,52566202,832,453,120422740,120422740,181058,88159,4626639842,4423396606,21.75,18.98,43.65,43.65,0.1,0.1,1.14,1.19
95630,06,067,06067,72180,26093,77470794,71442063,72180,26093,77470794,71442063,1418788,555932,2574492918,2498415670,100,100,100,100,5.09,4.69,3.01,2.86
95631,06,061,06061,6076,2667,395535199,394127755,6076,2667,395535199,394127755,348432,152648,3891341378,3644136017,100,100,100,100,1.74,1.75,10.16,10.82
95632,06,067,06067,28216,9245,194504460,193665936,29269,9633,288388768,287084116,1418788,555932,2574492918,2498415670,96.4,95.97,67.45,67.46,1.99,1.66,7.56,7.75
95632,06,077,06077,1053,388,93884308,93418180,29269,9633,288388768,287084116,685306,233755,3694614642,3603505998,3.6,4.03,32.55,32.54,0.15,0.17,2.54,2.59
95633,06,017,06017,3349,1515,106874075,106773340,3349,1515,106874075,106773340,181058,88159,4626639842,4423396606,100,100,100,100,1.85,1.72,2.31,2.41
95634,06,017,06017,3232,1580,210328042,210131556,3232,1580,210328042,210131556,181058,88159,4626639842,4423396606,100,100,100,100,1.79,1.79,4.55,4.75
95635,06,017,06017,1262,543,52576122,52517081,1262,543,52576122,52517081,181058,88159,4626639842,4423396606,100,100,100,100,0.7,0.62,1.14,1.19
95636,06,017,06017,1101,678,300279569,300279569,1101,678,300279569,300279569,181058,88159,4626639842,4423396606,100,100,100,100,0.61,0.77,6.49,6.79
95637,06,113,06113,370,191,54635119,54635119,370,191,54635119,54635119,200849,75054,2651001586,2628032408,100,100,100,100,0.18,0.25,2.06,2.08
95638,06,067,06067,2255,766,205331132,203809770,2255,766,205331132,203809770,1418788,555932,2574492918,2498415670,100,100,100,100,0.16,0.14,7.98,8.16
95639,06,067,06067,283,116,12889191,11775487,283,116,12889191,11775487,1418788,555932,2574492918,2498415670,100,100,100,100,0.02,0.02,0.5,0.47
95640,06,005,06005,11353,3189,315260069,298901716,11353,3189,315260069,298901716,38091,18032,1569419566,1539962991,100,100,100,100,29.8,17.69,20.09,19.41
95641,06,067,06067,1955,1178,96619508,92215843,1986,1190,121984472,115564042,1418788,555932,2574492918,2498415670,98.44,98.99,79.21,79.8,0.14,0.21,3.75,3.69
95641,06,077,06077,31,12,25364964,23348199,1986,1190,121984472,115564042,685306,233755,3694614642,3603505998,1.56,1.01,20.79,20.2,0,0.01,0.69,0.65
95642,06,005,06005,7164,3529,176282307,171575200,7164,3529,176282307,171575200,38091,18032,1569419566,1539962991,100,100,100,100,18.81,19.57,11.23,11.14
95645,06,011,06011,105,37,60985820,60376120,2037,738,337372065,331528885,21419,7883,2994960389,2980379369,5.15,5.01,18.08,18.21,0.49,0.47,2.04,2.03
95645,06,101,06101,800,294,143175056,139721830,2037,738,337372065,331528885,94737,33858,1575982605,1560235601,39.27,39.84,42.44,42.14,0.84,0.87,9.08,8.96
95645,06,113,06113,1132,407,133211189,131430935,2037,738,337372065,331528885,200849,75054,2651001586,2628032408,55.57,55.15,39.48,39.64,0.56,0.54,5.02,5
95646,06,003,06003,97,528,8755357,6302641,158,729,12386735,9934019,1175,1760,1924829158,1912271907,61.39,72.43,70.68,63.45,8.26,30,0.45,0.33
95646,06,005,06005,61,201,3631378,3631378,158,729,12386735,9934019,38091,18032,1569419566,1539962991,38.61,27.57,29.32,36.55,0.16,1.11,0.23,0.24
95648,06,061,06061,47354,19219,369577928,366503117,47354,19219,369577928,366503117,348432,152648,3891341378,3644136017,100,100,100,100,13.59,12.59,9.5,10.06
95650,06,061,06061,12447,4792,64365464,63888285,12447,4792,64365464,63888285,348432,152648,3891341378,3644136017,100,100,100,100,3.57,3.14,1.65,1.75
95651,06,017,06017,637,302,30057290,30057290,637,302,30057290,30057290,181058,88159,4626639842,4423396606,100,100,100,100,0.35,0.34,0.65,0.68
95652,06,067,06067,739,223,9776107,9776107,739,223,9776107,9776107,1418788,555932,2574492918,2498415670,100,100,100,100,0.05,0.04,0.38,0.39
95653,06,113,06113,527,147,13355268,13333351,527,147,13355268,13333351,200849,75054,2651001586,2628032408,100,100,100,100,0.26,0.2,0.5,0.51
95655,06,067,06067,4314,1561,24596261,24531691,4314,1561,24596261,24531691,1418788,555932,2574492918,2498415670,100,100,100,100,0.3,0.28,0.96,0.98
95658,06,061,06061,6285,2589,65243147,64231827,6285,2589,65243147,64231827,348432,152648,3891341378,3644136017,100,100,100,100,1.8,1.7,1.68,1.76
95659,06,101,06101,702,328,131533597,129554142,702,328,131533597,129554142,94737,33858,1575982605,1560235601,100,100,100,100,0.74,0.97,8.35,8.3
95660,06,067,06067,30714,10871,16152210,16152210,30714,10871,16152210,16152210,1418788,555932,2574492918,2498415670,100,100,100,100,2.16,1.96,0.63,0.65
95661,06,061,06061,29791,12455,23317915,23314549,29791,12455,23317915,23314549,348432,152648,3891341378,3644136017,100,100,100,100,8.55,8.16,0.6,0.64
95662,06,067,06067,31558,12623,28494101,28154331,31558,12623,28494101,28154331,1418788,555932,2574492918,2498415670,100,100,100,100,2.22,2.27,1.11,1.13
95663,06,061,06061,2377,926,20680794,20680794,2377,926,20680794,20680794,348432,152648,3891341378,3644136017,100,100,100,100,0.68,0.61,0.53,0.57
95664,06,017,06017,1380,620,109942316,97732414,1380,620,109942316,97732414,181058,88159,4626639842,4423396606,100,100,100,100,0.76,0.7,2.38,2.21
95665,06,005,06005,4426,2152,52833875,52698565,4426,2152,52833875,52698565,38091,18032,1569419566,1539962991,100,100,100,100,11.62,11.93,3.37,3.42
95666,06,005,06005,5336,3779,146512482,144277374,5336,3779,146512482,144277374,38091,18032,1569419566,1539962991,100,100,100,100,14.01,20.96,9.34,9.37
95667,06,017,06017,36726,16204,449705889,448627560,36726,16204,449705889,448627560,181058,88159,4626639842,4423396606,100,100,100,100,20.28,18.38,9.72,10.14
95668,06,061,06061,137,53,48414459,48414459,815,330,157335720,156973092,348432,152648,3891341378,3644136017,16.81,16.06,30.77,30.84,0.04,0.03,1.24,1.33
95668,06,101,06101,678,277,108921261,108558633,815,330,157335720,156973092,94737,33858,1575982605,1560235601,83.19,83.94,69.23,69.16,0.72,0.82,6.91,6.96
95669,06,005,06005,2443,1182,228953230,228749899,2443,1182,228953230,228749899,38091,18032,1569419566,1539962991,100,100,100,100,6.41,6.56,14.59,14.85
95670,06,067,06067,52973,21636,33488700,32514204,52973,21636,33488700,32514204,1418788,555932,2574492918,2498415670,100,100,100,100,3.73,3.89,1.3,1.3
95672,06,017,06017,4773,1856,58955728,58455805,4773,1856,58955728,58455805,181058,88159,4626639842,4423396606,100,100,100,100,2.64,2.11,1.27,1.32
95673,06,067,06067,15455,5239,42178519,42005044,15455,5239,42178519,42005044,1418788,555932,2574492918,2498415670,100,100,100,100,1.09,0.94,1.64,1.68
95674,06,101,06101,935,356,83001111,83001111,935,356,83001111,83001111,94737,33858,1575982605,1560235601,100,100,100,100,0.99,1.05,5.27,5.32
95675,06,005,06005,381,201,1785214,1785214,381,201,1785214,1785214,38091,18032,1569419566,1539962991,100,100,100,100,1,1.11,0.11,0.12
95677,06,061,06061,23333,9568,22956062,22938022,23333,9568,22956062,22938022,348432,152648,3891341378,3644136017,100,100,100,100,6.7,6.27,0.59,0.63
95678,06,061,06061,41192,16978,28131203,28131203,41192,16978,28131203,28131203,348432,152648,3891341378,3644136017,100,100,100,100,11.82,11.12,0.72,0.77
95679,06,113,06113,55,36,119570383,118879306,55,36,119570383,118879306,200849,75054,2651001586,2628032408,100,100,100,100,0.03,0.05,4.51,4.52
95680,06,067,06067,146,48,5348336,5206956,146,48,5348336,5206956,1418788,555932,2574492918,2498415670,100,100,100,100,0.01,0.01,0.21,0.21
95681,06,061,06061,1226,438,44707591,44663142,1226,438,44707591,44663142,348432,152648,3891341378,3644136017,100,100,100,100,0.35,0.29,1.15,1.23
95682,06,017,06017,29114,11841,210470305,210189667,29114,11841,210470305,210189667,181058,88159,4626639842,4423396606,100,100,100,100,16.08,13.43,4.55,4.75
95683,06,067,06067,6180,2671,236179023,235100708,6180,2671,236179023,235100708,1418788,555932,2574492918,2498415670,100,100,100,100,0.44,0.48,9.17,9.41
95684,06,017,06017,3422,1786,376735222,376578972,3422,1786,376735222,376578972,181058,88159,4626639842,4423396606,100,100,100,100,1.89,2.03,8.14,8.51
95685,06,005,06005,4680,2449,127718542,127699901,4680,2449,127718542,127699901,38091,18032,1569419566,1539962991,100,100,100,100,12.29,13.58,8.14,8.29
95686,06,077,06077,1405,466,73713604,70581553,1405,466,73713604,70581553,685306,233755,3694614642,3603505998,100,100,100,100,0.21,0.2,2,1.96
95687,06,095,06095,65096,22537,113335774,112718088,65096,22537,113335774,112718088,413344,152698,2347027136,2128361199,100,100,100,100,15.75,14.76,4.83,5.3
95688,06,095,06095,34379,12997,211013186,210272010,34379,12997,211013186,210272010,413344,152698,2347027136,2128361199,100,100,100,100,8.32,8.51,8.99,9.88
95689,06,005,06005,1244,793,71920341,71920341,1244,793,71920341,71920341,38091,18032,1569419566,1539962991,100,100,100,100,3.27,4.4,4.58,4.67
95690,06,067,06067,2197,992,105089015,99870287,2533,1123,155952931,148353474,1418788,555932,2574492918,2498415670,86.74,88.33,67.39,67.32,0.15,0.18,4.08,4
95690,06,095,06095,336,131,50863916,48483187,2533,1123,155952931,148353474,413344,152698,2347027136,2128361199,13.26,11.67,32.61,32.68,0.08,0.09,2.17,2.28
95691,06,113,06113,34737,13497,113459085,107541255,34737,13497,113459085,107541255,200849,75054,2651001586,2628032408,100,100,100,100,17.3,17.98,4.28,4.09
95692,06,101,06101,22,9,2947330,2947330,4769,1834,142531538,140536860,94737,33858,1575982605,1560235601,0.46,0.49,2.07,2.1,0.02,0.03,0.19,0.19
95692,06,115,06115,4747,1825,139584208,137589530,4769,1834,142531538,140536860,72155,27635,1667452760,1636454192,99.54,99.51,97.93,97.9,6.58,6.6,8.37,8.41
95693,06,067,06067,6758,2612,162855210,162731619,6758,2612,162855210,162731619,1418788,555932,2574492918,2498415670,100,100,100,100,0.48,0.47,6.33,6.51
95694,06,095,06095,1122,474,103000431,102501677,9156,3274,387400612,386439555,413344,152698,2347027136,2128361199,12.25,14.48,26.59,26.52,0.27,0.31,4.39,4.82
95694,06,113,06113,8034,2800,284400181,283937878,9156,3274,387400612,386439555,200849,75054,2651001586,2628032408,87.75,85.52,73.41,73.48,4,3.73,10.73,10.8
95695,06,113,06113,37946,14689,368191217,368191217,37946,14689,368191217,368191217,200849,75054,2651001586,2628032408,100,100,100,100,18.89,19.57,13.89,14.01
95697,06,113,06113,425,152,600030,600030,425,152,600030,600030,200849,75054,2651001586,2628032408,100,100,100,100,0.21,0.2,0.02,0.02
95698,06,113,06113,236,99,112109906,111340391,236,99,112109906,111340391,200849,75054,2651001586,2628032408,100,100,100,100,0.12,0.13,4.23,4.24
95699,06,005,06005,154,76,10584222,10517828,154,76,10584222,10517828,38091,18032,1569419566,1539962991,100,100,100,100,0.4,0.42,0.67,0.68
95701,06,061,06061,983,573,86530330,86311664,983,573,86530330,86311664,348432,152648,3891341378,3644136017,100,100,100,100,0.28,0.38,2.22,2.37
95703,06,061,06061,897,374,11528523,11528523,897,374,11528523,11528523,348432,152648,3891341378,3644136017,100,100,100,100,0.26,0.25,0.3,0.32
95709,06,017,06017,4772,2144,57918787,57840036,4772,2144,57918787,57840036,181058,88159,4626639842,4423396606,100,100,100,100,2.64,2.43,1.25,1.31
95713,06,061,06061,9495,4246,185435831,184443496,9495,4246,185435831,184443496,348432,152648,3891341378,3644136017,100,100,100,100,2.73,2.78,4.77,5.06
95714,06,061,06061,382,277,8742518,8708468,382,277,8742518,8708468,348432,152648,3891341378,3644136017,100,100,100,100,0.11,0.18,0.22,0.24
95715,06,057,06057,8,24,17187178,14532691,115,143,70275059,67483834,98764,52590,2522131930,2480616988,6.96,16.78,24.46,21.54,0.01,0.05,0.68,0.59
95715,06,061,06061,107,119,53087881,52951143,115,143,70275059,67483834,348432,152648,3891341378,3644136017,93.04,83.22,75.54,78.46,0.03,0.08,1.36,1.45
95717,06,061,06061,231,144,26466649,26466649,231,144,26466649,26466649,348432,152648,3891341378,3644136017,100,100,100,100,0.07,0.09,0.68,0.73
95720,06,017,06017,157,420,315093975,313595788,157,420,315093975,313595788,181058,88159,4626639842,4423396606,100,100,100,100,0.09,0.48,6.81,7.09
95721,06,017,06017,37,505,34239593,32453168,37,505,34239593,32453168,181058,88159,4626639842,4423396606,100,100,100,100,0.02,0.57,0.74,0.73
95722,06,061,06061,4585,1942,28932661,28297792,4585,1942,28932661,28297792,348432,152648,3891341378,3644136017,100,100,100,100,1.32,1.27,0.74,0.78
95724,06,061,06061,27,47,3095249,3095249,27,47,3095249,3095249,348432,152648,3891341378,3644136017,100,100,100,100,0.01,0.03,0.08,0.08
95726,06,017,06017,8842,4605,194641106,192441900,8842,4605,194641106,192441900,181058,88159,4626639842,4423396606,100,100,100,100,4.88,5.22,4.21,4.35
95728,06,057,06057,108,210,14536152,14261149,386,1048,32790157,32165502,98764,52590,2522131930,2480616988,27.98,20.04,44.33,44.34,0.11,0.4,0.58,0.57
95728,06,061,06061,278,838,18254005,17904353,386,1048,32790157,32165502,348432,152648,3891341378,3644136017,72.02,79.96,55.67,55.66,0.08,0.55,0.47,0.49
95735,06,017,06017,68,398,56914741,56102495,68,398,56914741,56102495,181058,88159,4626639842,4423396606,100,100,100,100,0.04,0.45,1.23,1.27
95736,06,061,06061,240,85,649432,649432,240,85,649432,649432,348432,152648,3891341378,3644136017,100,100,100,100,0.07,0.06,0.02,0.02
95742,06,067,06067,7749,2635,129008219,128909075,7749,2635,129008219,128909075,1418788,555932,2574492918,2498415670,100,100,100,100,0.55,0.47,5.01,5.16
95746,06,061,06061,21460,7811,45845471,45732364,21460,7811,45845471,45732364,348432,152648,3891341378,3644136017,100,100,100,100,6.16,5.12,1.18,1.25
95747,06,061,06061,51870,19836,120749211,120747938,51870,19836,120749211,120747938,348432,152648,3891341378,3644136017,100,100,100,100,14.89,12.99,3.1,3.31
95757,06,067,06067,40222,11878,159071538,156578023,40222,11878,159071538,156578023,1418788,555932,2574492918,2498415670,100,100,100,100,2.83,2.14,6.18,6.27
95758,06,067,06067,60435,21347,33899524,33222381,60435,21347,33899524,33222381,1418788,555932,2574492918,2498415670,100,100,100,100,4.26,3.84,1.32,1.33
95762,06,017,06017,38797,13827,112771270,106934855,38797,13827,112771270,106934855,181058,88159,4626639842,4423396606,100,100,100,100,21.43,15.68,2.44,2.42
95765,06,061,06061,33974,12546,32172655,32091508,33974,12546,32172655,32091508,348432,152648,3891341378,3644136017,100,100,100,100,9.75,8.22,0.83,0.88
95776,06,113,06113,21902,6824,242285596,239384437,21902,6824,242285596,239384437,200849,75054,2651001586,2628032408,100,100,100,100,10.9,9.09,9.14,9.11
95811,06,067,06067,7595,4465,7652504,7212901,7595,4465,7652504,7212901,1418788,555932,2574492918,2498415670,100,100,100,100,0.54,0.8,0.3,0.29
95814,06,067,06067,9922,6473,3711231,3616899,9922,6473,3711231,3616899,1418788,555932,2574492918,2498415670,100,100,100,100,0.7,1.16,0.14,0.14
95815,06,067,06067,24680,10004,21351698,20324446,24680,10004,21351698,20324446,1418788,555932,2574492918,2498415670,100,100,100,100,1.74,1.8,0.83,0.81
95816,06,067,06067,15579,10137,5303864,5301362,15579,10137,5303864,5301362,1418788,555932,2574492918,2498415670,100,100,100,100,1.1,1.82,0.21,0.21
95817,06,067,06067,13534,6574,5933955,5933955,13534,6574,5933955,5933955,1418788,555932,2574492918,2498415670,100,100,100,100,0.95,1.18,0.23,0.24
95818,06,067,06067,19811,10143,10324936,9948048,19811,10143,10324936,9948048,1418788,555932,2574492918,2498415670,100,100,100,100,1.4,1.82,0.4,0.4
95819,06,067,06067,17141,8036,9194150,8760910,17141,8036,9194150,8760910,1418788,555932,2574492918,2498415670,100,100,100,100,1.21,1.45,0.36,0.35
95820,06,067,06067,34480,13190,13453303,13453303,34480,13190,13453303,13453303,1418788,555932,2574492918,2498415670,100,100,100,100,2.43,2.37,0.52,0.54
95821,06,067,06067,33550,16240,18715264,18522331,33550,16240,18715264,18522331,1418788,555932,2574492918,2498415670,100,100,100,100,2.36,2.92,0.73,0.74
95822,06,067,06067,42347,16569,22108672,21875767,42347,16569,22108672,21875767,1418788,555932,2574492918,2498415670,100,100,100,100,2.98,2.98,0.86,0.88
95823,06,067,06067,73985,24552,30571490,30571490,73985,24552,30571490,30571490,1418788,555932,2574492918,2498415670,100,100,100,100,5.21,4.42,1.19,1.22
95824,06,067,06067,30221,9689,10518257,10518257,30221,9689,10518257,10518257,1418788,555932,2574492918,2498415670,100,100,100,100,2.13,1.74,0.41,0.42
95825,06,067,06067,31084,16993,12260122,12243232,31084,16993,12260122,12243232,1418788,555932,2574492918,2498415670,100,100,100,100,2.19,3.06,0.48,0.49
95826,06,067,06067,36628,16192,30252443,29842945,36628,16192,30252443,29842945,1418788,555932,2574492918,2498415670,100,100,100,100,2.58,2.91,1.18,1.19
95827,06,067,06067,20269,7846,20361400,19712471,20269,7846,20361400,19712471,1418788,555932,2574492918,2498415670,100,100,100,100,1.43,1.41,0.79,0.79
95828,06,067,06067,57862,18515,31896927,31896927,57862,18515,31896927,31896927,1418788,555932,2574492918,2498415670,100,100,100,100,4.08,3.33,1.24,1.28
95829,06,067,06067,24755,7763,53838957,53827168,24755,7763,53838957,53827168,1418788,555932,2574492918,2498415670,100,100,100,100,1.74,1.4,2.09,2.15
95830,06,067,06067,934,311,33771170,33598959,934,311,33771170,33598959,1418788,555932,2574492918,2498415670,100,100,100,100,0.07,0.06,1.31,1.34
95831,06,067,06067,41321,19186,19532444,18097102,41321,19186,19532444,18097102,1418788,555932,2574492918,2498415670,100,100,100,100,2.91,3.45,0.76,0.72
95832,06,067,06067,11924,3222,22925735,21414053,11924,3222,22925735,21414053,1418788,555932,2574492918,2498415670,100,100,100,100,0.84,0.58,0.89,0.86
95833,06,067,06067,37293,15007,21057423,20065426,37293,15007,21057423,20065426,1418788,555932,2574492918,2498415670,100,100,100,100,2.63,2.7,0.82,0.8
95834,06,067,06067,25899,10085,26583861,25884200,25899,10085,26583861,25884200,1418788,555932,2574492918,2498415670,100,100,100,100,1.83,1.81,1.03,1.04
95835,06,067,06067,35936,13606,23338620,23201611,35936,13606,23338620,23201611,1418788,555932,2574492918,2498415670,100,100,100,100,2.53,2.45,0.91,0.93
95837,06,067,06067,211,102,37117691,36084111,315,144,47848078,46760394,1418788,555932,2574492918,2498415670,66.98,70.83,77.57,77.17,0.01,0.02,1.44,1.44
95837,06,101,06101,104,42,10730387,10676283,315,144,47848078,46760394,94737,33858,1575982605,1560235601,33.02,29.17,22.43,22.83,0.11,0.12,0.68,0.68
95838,06,067,06067,36764,11587,23501491,23480746,36764,11587,23501491,23480746,1418788,555932,2574492918,2498415670,100,100,100,100,2.59,2.08,0.91,0.94
95841,06,067,06067,19448,8804,10556566,10556566,19448,8804,10556566,10556566,1418788,555932,2574492918,2498415670,100,100,100,100,1.37,1.58,0.41,0.42
95842,06,067,06067,31806,12111,10143467,10143467,31806,12111,10143467,10143467,1418788,555932,2574492918,2498415670,100,100,100,100,2.24,2.18,0.39,0.41
95843,06,067,06067,45048,14599,16701380,16701380,45048,14599,16701380,16701380,1418788,555932,2574492918,2498415670,100,100,100,100,3.18,2.63,0.65,0.67
95864,06,067,06067,22447,10031,16850495,16615455,22447,10031,16850495,16615455,1418788,555932,2574492918,2498415670,100,100,100,100,1.58,1.8,0.65,0.67
95901,06,007,06007,329,145,15182218,15182218,31314,12250,513207498,509066137,220000,95835,4343748996,4238423238,1.05,1.18,2.96,2.98,0.15,0.15,0.35,0.36
95901,06,115,06115,30985,12105,498025280,493883919,31314,12250,513207498,509066137,72155,27635,1667452760,1636454192,98.95,98.82,97.04,97.02,42.94,43.8,29.87,30.18
95903,06,115,06115,1732,843,37614437,37588823,1732,843,37614437,37588823,72155,27635,1667452760,1636454192,100,100,100,100,2.4,3.05,2.26,2.3
95910,06,091,06091,86,81,88773905,88769698,86,81,88773905,88769698,3240,2328,2492112905,2468813797,100,100,100,100,2.65,3.48,3.56,3.6
95912,06,011,06011,4563,1524,468248897,467504711,4685,1566,468348178,467603992,21419,7883,2994960389,2980379369,97.4,97.32,99.98,99.98,21.3,19.33,15.63,15.69
95912,06,113,06113,122,42,99281,99281,4685,1566,468348178,467603992,200849,75054,2651001586,2628032408,2.6,2.68,0.02,0.02,0.06,0.06,0,0
95914,06,007,06007,348,167,22832643,22832643,578,285,37956907,37956907,220000,95835,4343748996,4238423238,60.21,58.6,60.15,60.15,0.16,0.17,0.53,0.54
95914,06,115,06115,230,118,15124264,15124264,578,285,37956907,37956907,72155,27635,1667452760,1636454192,39.79,41.4,39.85,39.85,0.32,0.43,0.91,0.92
95915,06,063,06063,44,55,58489161,58437101,44,55,58489161,58437101,20007,15566,6768746183,6612350713,100,100,100,100,0.22,0.35,0.86,0.88
95916,06,007,06007,1441,1011,270765106,250762126,1441,1011,270765106,250762126,220000,95835,4343748996,4238423238,100,100,100,100,0.66,1.05,6.23,5.92
95917,06,007,06007,3155,1156,179560430,178476123,3155,1156,179560430,178476123,220000,95835,4343748996,4238423238,100,100,100,100,1.43,1.21,4.13,4.21
95918,06,115,06115,2339,1008,184137121,178954698,2339,1008,184137121,178954698,72155,27635,1667452760,1636454192,100,100,100,100,3.24,3.65,11.04,10.94
95919,06,115,06115,1378,714,64005512,64005512,1378,714,64005512,64005512,72155,27635,1667452760,1636454192,100,100,100,100,1.91,2.58,3.84,3.91
95920,06,021,06021,274,134,179529633,178912999,274,134,179529633,178912999,28122,10778,3436856898,3403106702,100,100,100,100,0.97,1.24,5.22,5.26
95922,06,091,06091,16,16,27482031,27475739,687,412,173569046,162584164,3240,2328,2492112905,2468813797,2.33,3.88,15.83,16.9,0.49,0.69,1.1,1.11
95922,06,115,06115,671,396,146087015,135108425,687,412,173569046,162584164,72155,27635,1667452760,1636454192,97.67,96.12,84.17,83.1,0.93,1.43,8.76,8.26
95923,06,063,06063,58,214,25726097,25726097,58,214,25726097,25726097,20007,15566,6768746183,6612350713,100,100,100,100,0.29,1.37,0.38,0.39
95925,06,115,06115,295,163,91649942,86279365,295,163,91649942,86279365,72155,27635,1667452760,1636454192,100,100,100,100,0.41,0.59,5.5,5.27
95926,06,007,06007,37725,16385,19815814,19815814,37725,16385,19815814,19815814,220000,95835,4343748996,4238423238,100,100,100,100,17.15,17.1,0.46,0.47
95928,06,007,06007,36511,15496,362469515,356254048,36511,15496,362469515,356254048,220000,95835,4343748996,4238423238,100,100,100,100,16.6,16.17,8.34,8.41
95930,06,007,06007,35,25,38867652,38436364,69,52,43832265,43400977,220000,95835,4343748996,4238423238,50.72,48.08,88.67,88.56,0.02,0.03,0.89,0.91
95930,06,115,06115,34,27,4964613,4964613,69,52,43832265,43400977,72155,27635,1667452760,1636454192,49.28,51.92,11.33,11.44,0.05,0.1,0.3,0.3
95932,06,011,06011,7718,3047,326744345,321650643,7718,3047,326744345,321650643,21419,7883,2994960389,2980379369,100,100,100,100,36.03,38.65,10.91,10.79
95934,06,063,06063,274,161,53897991,53855943,274,161,53897991,53855943,20007,15566,6768746183,6612350713,100,100,100,100,1.37,1.03,0.8,0.81
95935,06,115,06115,631,332,61312702,61125450,631,332,61312702,61125450,72155,27635,1667452760,1636454192,100,100,100,100,0.87,1.2,3.68,3.74
95936,06,091,06091,352,297,271944557,271773214,352,297,271944557,271773214,3240,2328,2492112905,2468813797,100,100,100,100,10.86,12.76,10.91,11.01
95937,06,113,06113,1491,595,131729796,131729796,1491,595,131729796,131729796,200849,75054,2651001586,2628032408,100,100,100,100,0.74,0.79,4.97,5.01
95938,06,007,06007,3787,1525,186233348,186139046,3787,1525,186233348,186139046,220000,95835,4343748996,4238423238,100,100,100,100,1.72,1.59,4.29,4.39
95939,06,021,06021,604,308,800188726,792186963,604,308,800188726,792186963,28122,10778,3436856898,3403106702,100,100,100,100,2.15,2.86,23.28,23.28
95941,06,007,06007,451,314,24548840,24457399,563,383,41017599,40926158,220000,95835,4343748996,4238423238,80.11,81.98,59.85,59.76,0.21,0.33,0.57,0.58
95941,06,115,06115,112,69,16468759,16468759,563,383,41017599,40926158,72155,27635,1667452760,1636454192,19.89,18.02,40.15,40.24,0.16,0.25,0.99,1.01
95942,06,007,06007,1301,965,144815790,144775404,1301,965,144815790,144775404,220000,95835,4343748996,4238423238,100,100,100,100,0.59,1.01,3.33,3.42
95943,06,021,06021,879,380,169558446,163942688,879,380,169558446,163942688,28122,10778,3436856898,3403106702,100,100,100,100,3.13,3.53,4.93,4.82
95944,06,091,06091,46,40,131127940,130825651,46,40,131127940,130825651,3240,2328,2492112905,2468813797,100,100,100,100,1.42,1.72,5.26,5.3
95945,06,057,06057,25199,12405,168660782,166352193,25199,12405,168660782,166352193,98764,52590,2522131930,2480616988,100,100,100,100,25.51,23.59,6.69,6.71
95946,06,057,06057,9790,4728,111256273,108456907,9790,4728,111256273,108456907,98764,52590,2522131930,2480616988,100,100,100,100,9.91,8.99,4.41,4.37
95947,06,063,06063,1899,1012,338095439,338095439,1899,1012,338095439,338095439,20007,15566,6768746183,6612350713,100,100,100,100,9.49,6.5,4.99,5.11
95948,06,007,06007,10784,4006,202340300,201671643,10810,4015,202745634,202076977,220000,95835,4343748996,4238423238,99.76,99.78,99.8,99.8,4.9,4.18,4.66,4.76
95948,06,101,06101,26,9,405334,405334,10810,4015,202745634,202076977,94737,33858,1575982605,1560235601,0.24,0.22,0.2,0.2,0.03,0.03,0.03,0.03
95949,06,057,06057,19741,8938,361947779,361463789,19741,8938,361947779,361463789,98764,52590,2522131930,2480616988,100,100,100,100,19.99,17,14.35,14.57
95950,06,011,06011,569,202,132615240,132069187,569,202,132615240,132069187,21419,7883,2994960389,2980379369,100,100,100,100,2.66,2.56,4.43,4.43
95951,06,021,06021,2601,775,50081578,47587859,2601,775,50081578,47587859,28122,10778,3436856898,3403106702,100,100,100,100,9.25,7.19,1.46,1.4
95953,06,101,06101,10718,3407,295321359,294620010,10718,3407,295321359,294620010,94737,33858,1575982605,1560235601,100,100,100,100,11.31,10.06,18.74,18.88
95954,06,007,06007,12251,5863,187176356,183961862,12251,5863,187176356,183961862,220000,95835,4343748996,4238423238,100,100,100,100,5.57,6.12,4.31,4.34
95955,06,011,06011,1517,608,318640137,318560903,1517,608,318640137,318560903,21419,7883,2994960389,2980379369,100,100,100,100,7.08,7.71,10.64,10.69
95956,06,063,06063,401,534,175443832,175421696,401,534,175443832,175421696,20007,15566,6768746183,6612350713,100,100,100,100,2,3.43,2.59,2.65
95957,06,101,06101,761,336,182567750,180934757,761,336,182567750,180934757,94737,33858,1575982605,1560235601,100,100,100,100,0.8,0.99,11.58,11.6
95959,06,057,06057,17838,8600,645846307,642106455,17838,8600,645846307,642106455,98764,52590,2522131930,2480616988,100,100,100,100,18.06,16.35,25.61,25.88
95960,06,057,06057,583,306,47922128,47840838,796,437,125201586,125062066,98764,52590,2522131930,2480616988,73.24,70.02,38.28,38.25,0.59,0.58,1.9,1.93
95960,06,091,06091,146,96,51040967,50988393,796,437,125201586,125062066,3240,2328,2492112905,2468813797,18.34,21.97,40.77,40.77,4.51,4.12,2.05,2.07
95960,06,115,06115,67,35,26238491,26232835,796,437,125201586,125062066,72155,27635,1667452760,1636454192,8.42,8.01,20.96,20.98,0.09,0.13,1.57,1.6
95961,06,115,06115,26510,8799,120329236,118575036,26510,8799,120329236,118575036,72155,27635,1667452760,1636454192,100,100,100,100,36.74,31.84,7.22,7.25
95962,06,115,06115,1567,765,77367530,76947527,1567,765,77367530,76947527,72155,27635,1667452760,1636454192,100,100,100,100,2.17,2.77,4.64,4.7
95963,06,021,06021,14735,5558,680601208,666977672,15493,5853,806559548,791684843,28122,10778,3436856898,3403106702,95.11,94.96,84.38,84.25,52.4,51.57,19.8,19.6
95963,06,103,06103,758,295,125958340,124707171,15493,5853,806559548,791684843,63463,26987,7671985844,7639709781,4.89,5.04,15.62,15.75,1.19,1.09,1.64,1.63
95965,06,007,06007,20384,8002,871772552,829307201,20384,8002,871772552,829307201,220000,95835,4343748996,4238423238,100,100,100,100,9.27,8.35,20.07,19.57
95966,06,007,06007,30503,13064,485085199,462392893,30643,13148,499417521,476725215,220000,95835,4343748996,4238423238,99.54,99.36,97.13,96.99,13.87,13.63,11.17,10.91
95966,06,115,06115,140,84,14332322,14332322,30643,13148,499417521,476725215,72155,27635,1667452760,1636454192,0.46,0.64,2.87,3.01,0.19,0.3,0.86,0.88
95968,06,007,06007,1412,514,4008182,4008182,1412,514,4008182,4008182,220000,95835,4343748996,4238423238,100,100,100,100,0.64,0.54,0.09,0.09
95969,06,007,06007,27549,13621,153712326,152881285,27549,13621,153712326,152881285,220000,95835,4343748996,4238423238,100,100,100,100,12.52,14.21,3.54,3.61
95970,06,011,06011,358,183,76720769,76647185,530,261,122576510,121264527,21419,7883,2994960389,2980379369,67.55,70.11,62.59,63.21,1.67,2.32,2.56,2.57
95970,06,021,06021,172,78,45855741,44617342,530,261,122576510,121264527,28122,10778,3436856898,3403106702,32.45,29.89,37.41,36.79,0.61,0.72,1.33,1.31
95971,06,063,06063,5970,2920,262727012,262028573,5970,2920,262727012,262028573,20007,15566,6768746183,6612350713,100,100,100,100,29.84,18.76,3.88,3.96
95973,06,007,06007,31879,13464,474248181,469611025,31957,13510,866810115,861956753,220000,95835,4343748996,4238423238,99.76,99.66,54.71,54.48,14.49,14.05,10.92,11.08
95973,06,103,06103,78,46,392561934,392345728,31957,13510,866810115,861956753,63463,26987,7671985844,7639709781,0.24,0.34,45.29,45.52,0.12,0.17,5.12,5.14
95974,06,007,06007,8,3,21744218,21744218,8,3,21744218,21744218,220000,95835,4343748996,4238423238,100,100,100,100,0,0,0.5,0.51
95975,06,057,06057,1769,855,24218351,24218351,1769,855,24218351,24218351,98764,52590,2522131930,2480616988,100,100,100,100,1.79,1.63,0.96,0.98
95977,06,057,06057,1033,426,40398116,40351526,1678,704,101928155,101350964,98764,52590,2522131930,2480616988,61.56,60.51,39.63,39.81,1.05,0.81,1.6,1.63
95977,06,115,06115,645,278,61530039,60999438,1678,704,101928155,101350964,72155,27635,1667452760,1636454192,38.44,39.49,60.37,60.19,0.89,1.01,3.69,3.73
95978,06,007,06007,143,71,16390482,16390482,143,71,16390482,16390482,220000,95835,4343748996,4238423238,100,100,100,100,0.07,0.07,0.38,0.39
95979,06,011,06011,597,428,743880863,736641676,597,428,743880863,736641676,21419,7883,2994960389,2980379369,100,100,100,100,2.79,5.43,24.84,24.72
95981,06,063,06063,30,275,63326995,62863781,97,346,107080418,106424267,20007,15566,6768746183,6612350713,30.93,79.48,59.14,59.07,0.15,1.77,0.94,0.95
95981,06,115,06115,67,71,43753423,43560486,97,346,107080418,106424267,72155,27635,1667452760,1636454192,69.07,20.52,40.86,40.93,0.09,0.26,2.62,2.66
95982,06,101,06101,3221,1217,115199922,114902241,3221,1217,115199922,114902241,94737,33858,1575982605,1560235601,100,100,100,100,3.4,3.59,7.31,7.36
95983,06,063,06063,428,297,305392204,305392204,428,297,305392204,305392204,20007,15566,6768746183,6612350713,100,100,100,100,2.14,1.91,4.51,4.62
95984,06,063,06063,120,91,85943976,85943976,120,91,85943976,85943976,20007,15566,6768746183,6612350713,100,100,100,100,0.6,0.58,1.27,1.3
95986,06,057,06057,162,121,21257292,21257292,162,121,21257292,21257292,98764,52590,2522131930,2480616988,100,100,100,100,0.16,0.23,0.84,0.86
95987,06,011,06011,5992,1854,867124318,866928944,5992,1854,867124318,866928944,21419,7883,2994960389,2980379369,100,100,100,100,27.98,23.52,28.95,29.09
95988,06,021,06021,8857,3543,806343001,804260340,8857,3543,806343001,804260340,28122,10778,3436856898,3403106702,100,100,100,100,31.49,32.87,23.46,23.63
95991,06,101,06101,40593,15139,108297231,105482089,40593,15139,108297231,105482089,94737,33858,1575982605,1560235601,100,100,100,100,42.85,44.71,6.87,6.76
95993,06,101,06101,36067,12388,221650881,221499871,36067,12388,221650881,221499871,94737,33858,1575982605,1560235601,100,100,100,100,38.07,36.59,14.06,14.2
96001,06,089,06089,33865,14846,231939209,227797024,33865,14846,231939209,227797024,177223,77313,9964777854,9778246966,100,100,100,100,19.11,19.2,2.33,2.33
96002,06,089,06089,33298,13374,80150371,78346896,33298,13374,80150371,78346896,177223,77313,9964777854,9778246966,100,100,100,100,18.79,17.3,0.8,0.8
96003,06,089,06089,44461,19402,673298770,615250597,44461,19402,673298770,615250597,177223,77313,9964777854,9778246966,100,100,100,100,25.09,25.1,6.76,6.29
96006,06,035,06035,171,92,260523582,259677487,557,307,419573887,418524842,34895,12710,12225052893,11761612172,30.7,29.97,62.09,62.05,0.49,0.72,2.13,2.21
96006,06,049,06049,386,215,159050305,158847355,557,307,419573887,418524842,9686,5192,10886751609,10146977156,69.3,70.03,37.91,37.95,3.99,4.14,1.46,1.57
96007,06,089,06089,22841,9487,340849461,335549415,22841,9487,340849461,335549415,177223,77313,9964777854,9778246966,100,100,100,100,12.89,12.27,3.42,3.43
96008,06,089,06089,1231,485,94396107,94129012,1231,485,94396107,94129012,177223,77313,9964777854,9778246966,100,100,100,100,0.69,0.63,0.95,0.96
96009,06,035,06035,569,285,576341016,570891928,569,285,576341016,570891928,34895,12710,12225052893,11761612172,100,100,100,100,1.63,2.24,4.71,4.85
96010,06,105,06105,239,153,1041444280,1041435918,239,153,1041444280,1041435918,13786,8681,8307637595,8234229734,100,100,100,100,1.73,1.76,12.54,12.65
96011,06,089,06089,218,191,832212689,826335814,218,191,832212689,826335814,177223,77313,9964777854,9778246966,100,100,100,100,0.12,0.25,8.35,8.45
96013,06,089,06089,4212,2033,602280187,595068978,4212,2033,602280187,595068978,177223,77313,9964777854,9778246966,100,100,100,100,2.38,2.63,6.04,6.09
96014,06,093,06093,211,124,345198489,343767195,211,124,345198489,343767195,44900,23910,16439541703,16259652221,100,100,100,100,0.47,0.52,2.1,2.11
96015,06,049,06049,465,156,648932217,626722760,465,156,648932217,626722760,9686,5192,10886751609,10146977156,100,100,100,100,4.8,3,5.96,6.18
96016,06,089,06089,366,238,110698097,109061797,366,238,110698097,109061797,177223,77313,9964777854,9778246966,100,100,100,100,0.21,0.31,1.11,1.12
96017,06,089,06089,171,184,380105431,378404137,171,184,380105431,378404137,177223,77313,9964777854,9778246966,100,100,100,100,0.1,0.24,3.81,3.87
96019,06,089,06089,10082,4148,28359086,28334829,10082,4148,28359086,28334829,177223,77313,9964777854,9778246966,100,100,100,100,5.69,5.37,0.28,0.29
96020,06,063,06063,2416,1752,104840617,103725698,2416,1752,104840617,103725698,20007,15566,6768746183,6612350713,100,100,100,100,12.08,11.26,1.55,1.57
96021,06,103,06103,16097,6337,624867219,617955662,16097,6337,624867219,617955662,63463,26987,7671985844,7639709781,100,100,100,100,25.36,23.48,8.14,8.09
96022,06,089,06089,7519,2967,158278918,157705701,15768,6443,628586349,626871170,177223,77313,9964777854,9778246966,47.69,46.05,25.18,25.16,4.24,3.84,1.59,1.61
96022,06,103,06103,8249,3476,470307431,469165469,15768,6443,628586349,626871170,63463,26987,7671985844,7639709781,52.31,53.95,74.82,74.84,13,12.88,6.13,6.14
96023,06,093,06093,1240,603,713461181,646989271,1240,603,713461181,646989271,44900,23910,16439541703,16259652221,100,100,100,100,2.76,2.52,4.34,3.98
96024,06,105,06105,1145,670,462559451,462527066,1145,670,462559451,462527066,13786,8681,8307637595,8234229734,100,100,100,100,8.31,7.72,5.57,5.62
96025,06,089,06089,167,98,36857780,36738360,2310,1502,238351703,237536436,177223,77313,9964777854,9778246966,7.23,6.52,15.46,15.47,0.09,0.13,0.37,0.38
96025,06,093,06093,2143,1404,201493923,200798076,2310,1502,238351703,237536436,44900,23910,16439541703,16259652221,92.77,93.48,84.54,84.53,4.77,5.87,1.23,1.23
96027,06,093,06093,2227,1108,1238022426,1233590146,2227,1108,1238022426,1233590146,44900,23910,16439541703,16259652221,100,100,100,100,4.96,4.63,7.53,7.59
96028,06,089,06089,1464,795,439356969,433264243,1464,795,439356969,433264243,177223,77313,9964777854,9778246966,100,100,100,100,0.83,1.03,4.41,4.43
96029,06,103,06103,124,68,90481224,90316097,124,68,90481224,90316097,63463,26987,7671985844,7639709781,100,100,100,100,0.2,0.25,1.18,1.18
96031,06,093,06093,158,154,920213482,917917096,158,154,920213482,917917096,44900,23910,16439541703,16259652221,100,100,100,100,0.35,0.64,5.6,5.65
96032,06,093,06093,2407,1196,1183353746,1179820395,2407,1196,1183353746,1179820395,44900,23910,16439541703,16259652221,100,100,100,100,5.36,5,7.2,7.26
96033,06,089,06089,432,216,375633879,366782602,432,216,375633879,366782602,177223,77313,9964777854,9778246966,100,100,100,100,0.24,0.28,3.77,3.75
96034,06,093,06093,294,177,287117592,286030393,294,177,287117592,286030393,44900,23910,16439541703,16259652221,100,100,100,100,0.65,0.74,1.75,1.76
96035,06,103,06103,3324,1308,120928963,119034439,3324,1308,120928963,119034439,63463,26987,7671985844,7639709781,100,100,100,100,5.24,4.85,1.58,1.56
96037,06,093,06093,308,157,10745084,10391119,308,157,10745084,10391119,44900,23910,16439541703,16259652221,100,100,100,100,0.69,0.66,0.07,0.06
96038,06,093,06093,589,291,46244252,46183849,589,291,46244252,46183849,44900,23910,16439541703,16259652221,100,100,100,100,1.31,1.22,0.28,0.28
96039,06,093,06093,1251,695,1618468780,1613739881,1251,695,1618468780,1613739881,44900,23910,16439541703,16259652221,100,100,100,100,2.79,2.91,9.84,9.92
96040,06,089,06089,341,207,319851660,319038217,341,207,319851660,319038217,177223,77313,9964777854,9778246966,100,100,100,100,0.19,0.27,3.21,3.26
96041,06,105,06105,2747,1653,852342687,852284465,2747,1653,852342687,852284465,13786,8681,8307637595,8234229734,100,100,100,100,19.93,19.04,10.26,10.35
96044,06,093,06093,1022,681,370282132,364904363,1022,681,370282132,364904363,44900,23910,16439541703,16259652221,100,100,100,100,2.28,2.85,2.25,2.24
96046,06,105,06105,304,227,464602144,464561213,304,227,464602144,464561213,13786,8681,8307637595,8234229734,100,100,100,100,2.21,2.61,5.59,5.64
96047,06,089,06089,1004,556,534084245,533303697,1004,556,534084245,533303697,177223,77313,9964777854,9778246966,100,100,100,100,0.57,0.72,5.36,5.45
96048,06,105,06105,736,406,398238156,397572844,736,406,398238156,397572844,13786,8681,8307637595,8234229734,100,100,100,100,5.34,4.68,4.79,4.83
96049,06,093,06093,95,63,41216720,41030624,95,63,41216720,41030624,44900,23910,16439541703,16259652221,100,100,100,100,0.21,0.26,0.25,0.25
96050,06,093,06093,414,318,742069039,740074878,414,318,742069039,740074878,44900,23910,16439541703,16259652221,100,100,100,100,0.92,1.33,4.51,4.55
96051,06,089,06089,1139,873,852439188,801678065,1139,873,852439188,801678065,177223,77313,9964777854,9778246966,100,100,100,100,0.64,1.13,8.55,8.2
96052,06,105,06105,1460,907,204301714,199642870,1460,907,204301714,199642870,13786,8681,8307637595,8234229734,100,100,100,100,10.59,10.45,2.46,2.42
96054,06,049,06049,366,220,335440734,330848756,366,220,335440734,330848756,9686,5192,10886751609,10146977156,100,100,100,100,3.78,4.24,3.08,3.26
96055,06,103,06103,3935,1775,165402237,163727579,3935,1775,165402237,163727579,63463,26987,7671985844,7639709781,100,100,100,100,6.2,6.58,2.16,2.14
96056,06,035,06035,564,319,542511175,537678317,1642,884,885849764,873654746,34895,12710,12225052893,11761612172,34.35,36.09,61.24,61.54,1.62,2.51,4.44,4.57
96056,06,049,06049,111,68,95825599,95656042,1642,884,885849764,873654746,9686,5192,10886751609,10146977156,6.76,7.69,10.82,10.95,1.15,1.31,0.88,0.94
96056,06,089,06089,967,497,247512990,240320387,1642,884,885849764,873654746,177223,77313,9964777854,9778246966,58.89,56.22,27.94,27.51,0.55,0.64,2.48,2.46
96057,06,093,06093,1355,1064,819813357,819170056,1355,1064,819813357,819170056,44900,23910,16439541703,16259652221,100,100,100,100,3.02,4.45,4.99,5.04
96058,06,093,06093,798,446,1134334810,1126445144,798,446,1134334810,1126445144,44900,23910,16439541703,16259652221,100,100,100,100,1.78,1.87,6.9,6.93
96059,06,089,06089,284,149,103843121,103715956,688,355,203346527,203136347,177223,77313,9964777854,9778246966,41.28,41.97,51.07,51.06,0.16,0.19,1.04,1.06
96059,06,103,06103,404,206,99503406,99420391,688,355,203346527,203136347,63463,26987,7671985844,7639709781,58.72,58.03,48.93,48.94,0.64,0.76,1.3,1.3
96061,06,103,06103,36,167,107184741,106913157,36,167,107184741,106913157,63463,26987,7671985844,7639709781,100,100,100,100,0.06,0.62,1.4,1.4
96062,06,089,06089,1105,439,189531628,188849980,1105,439,189531628,188849980,177223,77313,9964777854,9778246966,100,100,100,100,0.62,0.57,1.9,1.93
96063,06,103,06103,125,345,31148699,31030922,125,345,31148699,31030922,63463,26987,7671985844,7639709781,100,100,100,100,0.2,1.28,0.41,0.41
96064,06,093,06093,4574,2265,1249912481,1240888485,4574,2265,1249912481,1240888485,44900,23910,16439541703,16259652221,100,100,100,100,10.19,9.47,7.6,7.63
96065,06,089,06089,357,221,220595561,219507209,357,221,220595561,219507209,177223,77313,9964777854,9778246966,100,100,100,100,0.2,0.29,2.21,2.24
96067,06,093,06093,7165,3974,354168759,351861118,7165,3974,354168759,351861118,44900,23910,16439541703,16259652221,100,100,100,100,15.96,16.62,2.15,2.16
96068,06,035,06035,183,54,104459470,103808797,183,54,104459470,103808797,34895,12710,12225052893,11761612172,100,100,100,100,0.52,0.42,0.85,0.88
96069,06,089,06089,982,502,229890349,229493517,982,502,229890349,229493517,177223,77313,9964777854,9778246966,100,100,100,100,0.55,0.65,2.31,2.35
96071,06,089,06089,125,212,207966857,207637746,125,212,207966857,207637746,177223,77313,9964777854,9778246966,100,100,100,100,0.07,0.27,2.09,2.12
96073,06,089,06089,4082,1619,116183126,115302061,4082,1619,116183126,115302061,177223,77313,9964777854,9778246966,100,100,100,100,2.3,2.09,1.17,1.18
96074,06,103,06103,260,75,259893663,259310706,260,75,259893663,259310706,63463,26987,7671985844,7639709781,100,100,100,100,0.41,0.28,3.39,3.39
96075,06,089,06089,20,14,12188572,12098905,369,207,178340858,178155066,177223,77313,9964777854,9778246966,5.42,6.76,6.83,6.79,0.01,0.02,0.12,0.12
96075,06,103,06103,349,193,166152286,166056161,369,207,178340858,178155066,63463,26987,7671985844,7639709781,94.58,93.24,93.17,93.21,0.55,0.72,2.17,2.17
96076,06,089,06089,63,54,273749834,273732561,166,157,536314816,536253682,177223,77313,9964777854,9778246966,37.95,34.39,51.04,51.05,0.04,0.07,2.75,2.8
96076,06,103,06103,39,28,130130668,130086807,166,157,536314816,536253682,63463,26987,7671985844,7639709781,23.49,17.83,24.26,24.26,0.06,0.1,1.7,1.7
96076,06,105,06105,64,75,132434314,132434314,166,157,536314816,536253682,13786,8681,8307637595,8234229734,38.55,47.77,24.69,24.7,0.46,0.86,1.59,1.61
96080,06,103,06103,28764,12256,1593651787,1585623463,28764,12256,1593651787,1585623463,63463,26987,7671985844,7639709781,100,100,100,100,45.32,45.41,20.77,20.76
96084,06,089,06089,625,323,275834240,272767503,625,323,275834240,272767503,177223,77313,9964777854,9778246966,100,100,100,100,0.35,0.42,2.77,2.79
96085,06,093,06093,85,60,193538499,193310678,85,60,193538499,193310678,44900,23910,16439541703,16259652221,100,100,100,100,0.19,0.25,1.18,1.19
96086,06,093,06093,338,215,666450719,664958042,338,215,666450719,664958042,44900,23910,16439541703,16259652221,100,100,100,100,0.75,0.9,4.05,4.09
96087,06,089,06089,600,271,215577711,202673338,600,271,215577711,202673338,177223,77313,9964777854,9778246966,100,100,100,100,0.34,0.35,2.16,2.07
96088,06,089,06089,4506,2567,408721129,408067687,4506,2567,408721129,408067687,177223,77313,9964777854,9778246966,100,100,100,100,2.54,3.32,4.1,4.17
96090,06,103,06103,421,197,2733053,2660998,421,197,2733053,2660998,63463,26987,7671985844,7639709781,100,100,100,100,0.66,0.73,0.04,0.03
96091,06,105,06105,699,845,1174366122,1171223887,699,845,1174366122,1171223887,13786,8681,8307637595,8234229734,100,100,100,100,5.07,9.73,14.14,14.22
96092,06,103,06103,496,177,127961641,127912597,496,177,127961641,127912597,63463,26987,7671985844,7639709781,100,100,100,100,0.78,0.66,1.67,1.67
96093,06,105,06105,4133,1939,151933112,151923465,4133,1939,151933112,151923465,13786,8681,8307637595,8234229734,100,100,100,100,29.98,22.34,1.83,1.85
96094,06,093,06093,6630,3305,652009185,640774711,6630,3305,652009185,640774711,44900,23910,16439541703,16259652221,100,100,100,100,14.77,13.82,3.97,3.94
96096,06,089,06089,695,343,295301518,294944136,695,343,295301518,294944136,177223,77313,9964777854,9778246966,100,100,100,100,0.39,0.44,2.96,3.02
96097,06,093,06093,10031,4815,494996775,493971895,10031,4815,494996775,493971895,44900,23910,16439541703,16259652221,100,100,100,100,22.34,20.14,3.01,3.04
96101,06,049,06049,5490,2786,1540892076,1513198323,5490,2786,1540892076,1513198323,9686,5192,10886751609,10146977156,100,100,100,100,56.68,53.66,14.15,14.91
96103,06,063,06063,1725,1988,326533023,325567919,1725,1988,326533023,325567919,20007,15566,6768746183,6612350713,100,100,100,100,8.62,12.77,4.82,4.92
96104,06,049,06049,748,427,547764511,498525771,748,427,547764511,498525771,9686,5192,10886751609,10146977156,100,100,100,100,7.72,8.22,5.03,4.91
96105,06,035,06035,127,75,143487754,143308016,527,423,656141114,655846407,34895,12710,12225052893,11761612172,24.1,17.73,21.87,21.85,0.36,0.59,1.17,1.22
96105,06,063,06063,381,332,398079418,398002663,527,423,656141114,655846407,20007,15566,6768746183,6612350713,72.3,78.49,60.67,60.69,1.9,2.13,5.88,6.02
96105,06,091,06091,19,16,114573942,114535728,527,423,656141114,655846407,3240,2328,2492112905,2468813797,3.61,3.78,17.46,17.46,0.59,0.69,4.6,4.64
96106,06,063,06063,479,495,60594374,60594374,479,495,60594374,60594374,20007,15566,6768746183,6612350713,100,100,100,100,2.39,3.18,0.9,0.92
96107,06,051,06051,1269,659,230295921,230266600,1269,659,230295921,230266600,14202,13912,8111522878,7896827391,100,100,100,100,8.94,4.74,2.84,2.92
96108,06,049,06049,122,96,516763210,512906657,122,96,516763210,512906657,9686,5192,10886751609,10146977156,100,100,100,100,1.26,1.85,4.75,5.05
96109,06,035,06035,2197,566,517618916,512467549,2197,566,517618916,512467549,34895,12710,12225052893,11761612172,100,100,100,100,6.3,4.45,4.23,4.36
96110,06,035,06035,10,6,13175364,13150272,166,117,425594874,387611636,34895,12710,12225052893,11761612172,6.02,5.13,3.1,3.39,0.03,0.05,0.11,0.11
96110,06,049,06049,156,111,412419510,374461364,166,117,425594874,387611636,9686,5192,10886751609,10146977156,93.98,94.87,96.9,96.61,1.61,2.14,3.79,3.69
96111,06,057,06057,73,43,14184500,14182235,160,91,86988115,86872470,98764,52590,2522131930,2480616988,45.63,47.25,16.31,16.33,0.07,0.08,0.56,0.57
96111,06,091,06091,87,48,72803615,72690235,160,91,86988115,86872470,3240,2328,2492112905,2468813797,54.38,52.75,83.69,83.67,2.69,2.06,2.92,2.94
96112,06,049,06049,214,151,348101857,328270939,214,151,348101857,328270939,9686,5192,10886751609,10146977156,100,100,100,100,2.21,2.91,3.2,3.24
96113,06,035,06035,1000,484,17724485,17651025,1000,484,17724485,17651025,34895,12710,12225052893,11761612172,100,100,100,100,2.87,3.81,0.14,0.15
96114,06,035,06035,3220,1372,181475111,176017772,3220,1372,181475111,176017772,34895,12710,12225052893,11761612172,100,100,100,100,9.23,10.79,1.48,1.5
96115,06,049,06049,145,113,360935784,257927144,145,113,360935784,257927144,9686,5192,10886751609,10146977156,100,100,100,100,1.5,2.18,3.32,2.54
96116,06,049,06049,233,166,657514029,650132830,233,166,657514029,650132830,9686,5192,10886751609,10146977156,100,100,100,100,2.41,3.2,6.04,6.41
96117,06,035,06035,405,189,850149410,846107047,405,189,850149410,846107047,34895,12710,12225052893,11761612172,100,100,100,100,1.16,1.49,6.95,7.19
96118,06,063,06063,19,10,67524237,67137061,1627,812,526197486,525385634,20007,15566,6768746183,6612350713,1.17,1.23,12.83,12.78,0.09,0.06,1,1.02
96118,06,091,06091,1608,802,458673249,458248573,1627,812,526197486,525385634,3240,2328,2492112905,2468813797,98.83,98.77,87.17,87.22,49.63,34.45,18.4,18.56
96119,06,035,06035,90,70,425219887,419944622,90,70,425219887,419944622,34895,12710,12225052893,11761612172,100,100,100,100,0.26,0.55,3.48,3.57
96120,06,003,06003,957,618,547039689,545586369,957,618,547039689,545586369,1175,1760,1924829158,1912271907,100,100,100,100,81.45,35.11,28.42,28.53
96121,06,035,06035,368,184,90212620,86706921,368,184,90212620,86706921,34895,12710,12225052893,11761612172,100,100,100,100,1.05,1.45,0.74,0.74
96122,06,063,06063,3883,2321,158856707,158826906,3883,2321,158856707,158826906,20007,15566,6768746183,6612350713,100,100,100,100,19.41,14.91,2.35,2.4
96123,06,035,06035,48,40,536100944,529518177,48,40,536100944,529518177,34895,12710,12225052893,11761612172,100,100,100,100,0.14,0.31,4.39,4.5
96124,06,091,06091,326,273,149472690,149405801,326,273,149472690,149405801,3240,2328,2492112905,2468813797,100,100,100,100,10.06,11.73,6,6.05
96125,06,091,06091,258,443,257763025,256197728,258,443,257763025,256197728,3240,2328,2492112905,2468813797,100,100,100,100,7.96,19.03,10.34,10.38
96126,06,091,06091,215,156,232338506,229753503,215,156,232338506,229753503,3240,2328,2492112905,2468813797,100,100,100,100,6.64,6.7,9.32,9.31
96128,06,035,06035,752,320,81483487,81364942,752,320,81483487,81364942,34895,12710,12225052893,11761612172,100,100,100,100,2.16,2.52,0.67,0.69
96129,06,063,06063,261,137,244568961,244527212,261,137,244568961,244527212,20007,15566,6768746183,6612350713,100,100,100,100,1.3,0.88,3.61,3.7
96130,06,035,06035,23150,7286,1366605009,1242920631,23150,7286,1366605009,1242920631,34895,12710,12225052893,11761612172,100,100,100,100,66.34,57.32,11.18,10.57
96132,06,035,06035,119,116,1011902270,1005942315,119,116,1011902270,1005942315,34895,12710,12225052893,11761612172,100,100,100,100,0.34,0.91,8.28,8.55
96133,06,051,06051,110,64,36285667,32925952,110,64,36285667,32925952,14202,13912,8111522878,7896827391,100,100,100,100,0.77,0.46,0.45,0.42
96134,06,049,06049,1083,555,578160771,577224955,2512,1189,904404978,859230351,9686,5192,10886751609,10146977156,43.11,46.68,63.93,67.18,11.18,10.69,5.31,5.69
96134,06,093,06093,1429,634,326244207,282005396,2512,1189,904404978,859230351,44900,23910,16439541703,16259652221,56.89,53.32,36.07,32.82,3.18,2.65,1.98,1.73
96135,06,063,06063,128,80,86139723,86139723,128,80,86139723,86139723,20007,15566,6768746183,6612350713,100,100,100,100,0.64,0.51,1.27,1.3
96136,06,035,06035,104,65,385114422,383663420,104,65,385114422,383663420,34895,12710,12225052893,11761612172,100,100,100,100,0.3,0.51,3.15,3.26
96137,06,035,06035,1818,1171,87240437,86853893,3297,3872,125766863,125380319,34895,12710,12225052893,11761612172,55.14,30.24,69.37,69.27,5.21,9.21,0.71,0.74
96137,06,063,06063,1479,2701,38526426,38526426,3297,3872,125766863,125380319,20007,15566,6768746183,6612350713,44.86,69.76,30.63,30.73,7.39,17.35,0.57,0.58
96140,06,061,06061,1170,1640,12684684,12168154,1170,1640,12684684,12168154,348432,152648,3891341378,3644136017,100,100,100,100,0.34,1.07,0.33,0.33
96141,06,061,06061,744,1649,32209856,31061010,744,1649,32209856,31061010,348432,152648,3891341378,3644136017,100,100,100,100,0.21,1.08,0.83,0.85
96142,06,017,06017,927,1972,57206660,52092569,1037,2105,57749557,52338483,181058,88159,4626639842,4423396606,89.39,93.68,99.06,99.53,0.51,2.24,1.24,1.18
96142,06,061,06061,110,133,542897,245914,1037,2105,57749557,52338483,348432,152648,3891341378,3644136017,10.61,6.32,0.94,0.47,0.03,0.09,0.01,0.01
96143,06,061,06061,4414,3110,14640776,14252104,4414,3110,14640776,14252104,348432,152648,3891341378,3644136017,100,100,100,100,1.27,2.04,0.38,0.39
96145,06,061,06061,3161,4764,98772765,96405205,3161,4764,98772765,96405205,348432,152648,3891341378,3644136017,100,100,100,100,0.91,3.12,2.54,2.65
96146,06,061,06061,1366,1726,54280542,54220865,1366,1726,54280542,54220865,348432,152648,3891341378,3644136017,100,100,100,100,0.39,1.13,1.39,1.49
96148,06,061,06061,788,677,3793876,3521562,788,677,3793876,3521562,348432,152648,3891341378,3644136017,100,100,100,100,0.23,0.44,0.1,0.1
96150,06,017,06017,29792,21720,331667606,320034300,29792,21720,331667606,320034300,181058,88159,4626639842,4423396606,100,100,100,100,16.45,24.64,7.17,7.24
96155,06,017,06017,8,88,96017550,95941522,8,88,96017550,95941522,181058,88159,4626639842,4423396606,100,100,100,100,0,0.1,2.08,2.17
96161,06,057,06057,16710,13383,209054282,205318295,18451,16285,474886468,470913694,98764,52590,2522131930,2480616988,90.56,82.18,44.02,43.6,16.92,25.45,8.29,8.28
96161,06,061,06061,1741,2902,265832186,265595399,18451,16285,474886468,470913694,348432,152648,3891341378,3644136017,9.44,17.82,55.98,56.4,0.5,1.9,6.83,7.29
97635,06,049,06049,165,117,106593218,106474613,289,181,116250248,116131643,9686,5192,10886751609,10146977156,57.09,64.64,91.69,91.68,1.7,2.25,0.98,1.05
